Workbook

Sheet Source
A1: Production
A2: All Rates are in Pieces | K2: B = BOX ONLY
A3: Production Packaging | K3: I = BTL + BX
A5: Item# | B5: Formula # | C5: Description | D5: UM | E5: New Shift / Rate | F5: Crew Size | G5: HAZ CLASS | H5: Pack Type | I5: Closure Type | J5: Insert | K5: Label ID | L5: Brand | M5: SDS | N5: BOTTLE LABEL | O5: Box Label
A10: 111905 | B10: 111901 | C10: TREND ES STRIPPER 5;PAIL | D10: PL | E10: 453.6 | F10: 1 | G10: 0 | H10: 9801UNWL - UN WHITE PL | I10: 9804UNW- WHITE | J10: 0 | K10: I | L10: MTX
A11: 104332AMZ | B11: 104301 | C11: AMAZON BASICS RINSE AID;32OZ 12PK/CS | D11: CS | E11: 693 | F11: 6 | G11: 0 | H11: 9923 - 9874 28/400 NAT | I11: 9948 - FLIP CAP | J11: 0 | K11: 0 | L11: AMAZON | N11: 200322 | O11: 714403
A12: 104330AMZ | B12: 104301 | C12: AMAZON BASICS RINSE AID;8OZ 30PK/CS | D12: CS | F12: 8 | I12: 9948 - FLIP CAP | L12: AMAZON
A13: 104250AMZ | B13: 104201 | C13: AMAZON BASICS DISH SOAP,;FRESH SCENT 50OZ 1PK/CS | D13: CS | E13: 5400 | F13: 14 | G13: 0 | H13: 9853 - 9854 28/400 PET | I13: 9948HS - FLIP CAP | J13: 0 | K13: 0 | L13: AMAZON | N13: 710104
A14: 103202AMZ | B14: 103201 | C14: AMAZON PRESTO! APC,;LAVENDER 32OZ 2PK/CS | D14: CS | E14: 1050 | F14: 6 | G14: 0 | H14: 9875 | I14: 9962 / 23106 | J14: 0 | K14: 0 | L14: AMAZON | N14: 200342
A15: 103302AMZ | B15: 103301 | C15: AMAZON PRESTO! APC,LEMON;32OZ 2PK/CS | D15: CS | E15: 1050 | F15: 6 | G15: 0 | H15: 9875 | I15: 9962 / 23106 | J15: 0 | K15: 0 | L15: AMAZON | N15: 200341
A16: 103402AMZ | B16: 103401 | C16: AMAZON PRESTO! MS CONC;LAVENDER 32OZ 2PK/CS | D16: CS | E16: 1050 | F16: 6 | G16: 0 | H16: 9875 | I16: 9962 | J16: 0 | K16: 0 | L16: AMAZON | N16: 200354
A17: 103602AMZ | B17: 103601 | C17: AMAZON PRESTO! MS CONC;LEMON 32OZ 2PK/CS | D17: CS | E17: 1050 | F17: 6 | G17: 0 | H17: 9875 | I17: 9962 | J17: 0 | K17: 0 | L17: AMAZON | N17: 200353
A18: 103730AMZ | B18: 103701 | C18: AMAZON PRESTO! DISH LAVENDER 30OZ 2PK | D18: CS | E18: 2050 | F18: 6 | G18: 0 | H18: 9828 | I18: 9948HS | J18: 0 | K18: 0 | L18: AMAZON | N18: 200344
A19: 103830AMZ | B19: 103801 | C19: AMAZON PRESTO! DISH LEMON 30OZ 2PK | D19: CS | E19: 2050 | F19: 6 | G19: 0 | H19: 9828 | I19: 9948HS | J19: 0 | K19: 0 | L19: AMAZON | N19: 200343
A20: 104230AMZ | B20: 104201 | C20: AMAZON BASICS DISH SOAP FRESH SCENT 30OZ 4PK | D20: CS | E20: 2448 | F20: 6 | G20: 0 | H20: 9828 | I20: 9948HS | J20: 0 | K20: 0 | L20: AMAZON | N20: 121001
A21: 104664AMZ | B21: 104601 | C21: AMAZON BASICS OXY FRESH;CARPET 64 OZ 1/CS | D21: CS | E21: 2184 | F21: 6 | L21: AMAZON | N21: 200313
A22: 1046646AMZ | B22: 104601 | C22: AMAZON BASICS OXY FRESH;CARPET 64 OZ 6/CS | D22: CS | E22: 756 | F22: 6 | K22: B | L22: AMAZON | N22: 200321
A23: 104764AMZ | B23: 104701 | C23: AMAZON BASICS PET STAIN;CARPET 64 OZ 1/CS | D23: CS | E23: 2184 | F23: 6 | L23: AMAZON | N23: 200311
A24: 1047646AMZ | B24: 104701 | C24: AMAZON BASICS PET STAIN;CARPET 64 OZ 6/CS | D24: CS | E24: 756 | F24: 6 | K24: B | L24: AMAZON | N24: 200311
A25: 105704SYM | B25: 105701 | C25: SERENADE HD KITCHEN DEGREASER 4/1 CS | D25: CS | E25: 1352.4 | F25: 4 | G25: LIMITED Q. | I25: 9965-SAFETY | J25: 0 | K25: B | L25: SERENADE | N25: 714308
A26: 105002 | B26: 105001 | C26: SANITIZER DISINFECTANT 2/1 | D26: CS | E26: 1680 | F26: 5 | G26: 0 | L26: COSTCO | N26: 712105
A27: 105204SYM | B27: 105201 | C27: SERENADE TAHOE BLUE MS CLEANER 4/1 | D27: CS | E27: 1352.4 | F27: 4 | G27: 0 | K27: B | L27: SERENADE | N27: 714307
A28: 105504 | B28: 105501 | C28: LVT FLOOR CLEANER 4/1CS | D28: CS | E28: 1352.4 | F28: 4 | G28: 0 | K28: B | L28: MTX | N28: 712103
A29: 106102AMZ | B29: 106101 | C29: AMAZON BASICS GLASS CLNR 32OZ 2PK/CS | D29: CS | E29: 3000 | F29: 8 | G29: 0 | K29: 0 | L29: AMAZON | N29: 200331
A30: 106167AMZ | B30: 106101 | C30: AMAZON BASICS GLASS CLNR 67.6OZ 6/CS | D30: CS | E30: 900 | F30: 8 | G30: 0 | K30: B | L30: AMAZON | N30: 200312
A31: 106232 | B31: 106201 | C31: NON ACID DISINFECTANT 12/1 | D31: CS | E31: 693 | F31: 4 | G31: 0 | L31: MTX
A32: 106504 | B32: 106501 | C32: DDC GENERAL DISINFECTAN;4/1 CS | D32: cs | E32: 1352.4 | G32: 0 | L32: MTX | N32: 712001 | O32: 712001
A33: 105904SYM | B33: 105901 | C33: SERENADE PURE FOAMING HAND SOAP 4/1 | D33: cs | E33: 1352.4 | G33: 0 | K33: B | L33: SERENADE | N33: 712004
A34: 102304SYM | B34: 102301 | C34: SM LEMONCELLO SOAP 4/1 | D34: CS | E34: 1352.4 | G34: 0 | K34: B | L34: SERENADE | N34: 714302
A35: 110502BCI | B35: 110501 | C35: BCI FLOOR CLEANER LAVALOSO 2/CS | D35: CS | E35: 900 | G35: 0 | H35: 9900 (BTL) // 9022 (BX) | I35: 99560-H.SEAL | J35: 90035 | K35: B | L35: BCI | N35: 714405
A36: 111004RP | B36: 111001 | C36: ROYAL FRAGRANCE FREE;HAND SOAP 4/1GL CS | D36: CS | E36: 1352.4 | G36: 0 | H36: 9919 - WHITE GALLON | I36: 9994-REGULAR | J36: 0 | K36: B | L36: ROYAL CORP | N36: 714207
A37: 111904 | B37: 111901 | C37: TREND ES STRIPPER;CS environmentally prefe | D37: CS | E37: 1352.4 | G37: 0 | H37: 9919 - WHITE GALLON | I37: 9994-REGULAR | J37: 0 | K37: B | L37: MTX | N37: 712406
A38: 112104 | B38: 112101 | C38: JUST RIGHT OVEN/GRLL;CLNR 4/1C | D38: CS | E38: 1352.4 | G38: COR-2 | H38: 9888 (WHITE) / 9932 (UN BOX) | I38: 9965-SAFETY | J38: 0 | K38: 0 | L38: MTX | N38: 712507 | O38: 713103
A39: 112155 | B39: 112101 | C39: JUST RIGHT OVEN/GRILL;CLNR 55G | D39: 55GL | E39: 42 | F39: 1 | G39: COR-2 | H39: 97010 - BLUE DRUM | I39: 99521 | J39: 0 | K39: I | L39: MTX
A40: 112204 | B40: 112201 | C40: FAST ACTION 4/1 CS; | D40: CS | E40: 1352.4 | G40: COR-6 | H40: 9888 (WHITE) / 9932 (UN BOX) | I40: 9965-SAFETY | J40: 0 | K40: 0 | L40: MTX | N40: 200123 | O40: 713004
A41: 112204SYM | B41: 112201 | C41: SERENADE DOS LOCOS OVEN GRILL 4/1 | D41: CS | E41: 1352.4 | G41: COR-6 | H41: 9888 (WHITE) / 9932 (UN BOX) | I41: 9965-SAFETY | J41: 0 | K41: B | L41: SERENADE | N41: 714308
A42: 112232 | B42: 112201 | C42: FAST ACTION 12/1 CS; | D42: CS | E42: 440 | G42: COR-6 | H42: 9083 UN - 98680 SHORT | I42: 99640-SAFETY | J42: 0 | K42: 0 | L42: MTX | N42: 120801 | O42: 713103
A43: 112232SYM | B43: 112201 | C43: SERENADE DOS LOCOS OVEN GRILL 12/1 | D43: CS | E43: 440 | G43: COR-6 | H43: 9083 UN - 98680 SHORT | I43: 99640-SAFETY | J43: 0 | K43: 0 | L43: SERENADE | N43: 714307
A44: 112232FUL | B44: 112201 | C44: GLISTEN BLING 12/1 | D44: CS | E44: 440 | G44: COR-6 | H44: 9083 UN - 98680 SHORT | I44: 99640-SAFETY | J44: 0 | K44: B | L44: FULTON | N44: 714203
A45: 112504 | B45: 112501 | C45: OVENSTRIP 4/1 CS; | D45: CS | E45: 1352.4 | G45: COR-6 | H45: 9888 WHITE / 9932 (BX) | I45: 9965-SAFETY | J45: 0 | K45: S | L45: MTX | N45: 712505
A46: 112532 | B46: 112501 | D46: CS | E46: 440 | G46: COR-6 | H46: 9083 UN - 98680 SHORT | I46: 9965-SAFETY | J46: 0 | K46: I | L46: MTX
A47: 112604 | B47: 112601 | C47: CHEMVISC OVEN CLNR L;4/1 CS | D47: CS | E47: 1352.4 | G47: COR-2 | H47: 9888 (WHITE) / 9932 (UN BOX) | I47: 9965-SAFETY | J47: 0 | K47: B | L47: MTX | N47: 712502
A48: 112632 | B48: 112601 | C48: CHEMVISC OVEN CLNR L;12/1 CS | D48: CS | E48: 440 | G48: COR-2 | H48: 9083 UN - 98680 SHORT | I48: 99640-SAFETY | J48: 0 | K48: I | L48: MTX
A49: 112704 | B49: 112701 | C49: GROUT BRIGHTENER 4/1;GAL | D49: CS | E49: 1352.4 | G49: LIMITED Q. | H49: 9919-LQ WHITE GL/LIMQTY | I49: 9965-SAFETY | J49: 0 | K49: B | L49: MTX | N49: 712503
A50: 112904 | B50: 112901 | C50: GREEN OVEN/GRILL LAU; | D50: CS | E50: 1352.4 | G50: 0 | H50: 9919 - WHITE GALLON | I50: 9994-REGULAR | J50: 0 | K50: I | L50: MTX
A51: 113004 | B51: 113001 | C51: LIME GO 4/GL CS;RESTROOM CLEANER | D51: CS | E51: 1352.4 | G51: LIMITED Q. | H51: 9919-LQ WHITE GL/LIMQTY | I51: 9965-SAFETY | J51: 0 | K51: B | L51: MTX | N51: 712403
A52: 113032 | B52: 113001 | C52: LIME GO 12/32OZ CS;RESTROOM CLEANER | D52: CS | E52: 440 | G52: LIMITED Q. | H52: 9923 / 98680 SHORT | I52: 99640-SAFETY | J52: 0 | K52: B | L52: MTX | N52: 200138
A53: 113032WAL | B53: 113001 | C53: WALTER DESCALER 12/1QTCS; | D53: CS | E53: 440 | G53: LIMITED Q. | H53: 9923 / 98680 SHORT | I53: 99640-SAFETY | J53: 0 | K53: 0 | L53: W.E.NELSON
A54: 113032SAT | B54: 113001 | C54: SATELLITE DESCALER 12/1QTCS; | D54: CS | E54: 440 | G54: LIMITED Q. | H54: 9923 / 98680 SHORT | I54: 99640-SAFETY | J54: 0 | K54: 0 | L54: SATELLITE | N54: 200351 | O54: 714508
A55: 113055 | B55: 113001 | C55: [X] LIME GO RESTROOM CLN;55GAL DRUM | D55: 55GL | E55: 42 | F55: 1 | G55: COR-10 | H55: 97010 - BLUE DRUM | I55: 99521 | J55: 0 | K55: I | L55: MTX
A56: 113055WAL | B56: 113001 | C56: WALTER DESCALER 55GL DR; | D56: 55GL | E56: 42 | F56: 1 | G56: COR-10 | H56: 97010 - BLUE DRUM | I56: 99521 | J56: 0 | K56: I | L56: W.E.NELSON
A57: 113055SAT | B57: 113001 | C57: SATELLITE DESCALER 55GL DR; | D57: 55GL | E57: 42 | F57: 1 | G57: COR-10 | H57: 97010 - BLUE DRUM | I57: 99521 | J57: 0 | K57: I | L57: SATELLITE
A58: 113104 | B58: 113101 | C58: WAX ELIMINATOR 4/1 GAL; | D58: CS | E58: 1352.4 | G58: COR-7 | H58: 9932 (UN BOX) / 9888 (WHITE) | I58: 9965-SAFETY | J58: 0 | K58: B | L58: MTX | N58: 712408
A59: 113105 | B59: 113101 | C59: WAX ELIMINATOR 5 GAL;PAIL | D59: PL | E59: 453.6 | G59: COR-7 | H59: 9801UNWL - UN WHITE PL | I59: 9804UNW- WHITE | J59: 0 | K59: I | L59: MTX
A60: 1131432BRDY | B60: 113101 | C60: BRADY UHP HOT STUFF;STRIP 4/32OZ CS | D60: CS | E60: 440 | G60: COR-7 | H60: 9085 (UN 32oz) - 98680 | I60: 99640-SAFETY | J60: 0 | K60: I | L60: BRADY
A61: 113204 | B61: 113201 | C61: POLYSTRIP 4/1 CS; | D61: CS | E61: 1352.4 | G61: COR-6 | H61: 9888 (WHITE) / 9932 (UN BOX) | I61: 9965-SAFETY | J61: 0 | K61: B | L61: MTX | N61: 712407
A62: 113205 | B62: 113201 | C62: POLYSTRIP 5 GAL PAIL; | D62: PL | E62: 453.6 | G62: COR-6 | H62: 9801UNWL - UN WHITE PL | I62: 9804UNW- WHITE | J62: 0 | K62: I | L62: MTX
A63: 113205MTA | B63: 113201 | C63: MTA POLYSTRIP 5 GAL PAIL; | D63: PL | E63: 453.6 | G63: COR-6 | H63: 9801UNWL - UN WHITE PL | I63: 9804UNW- WHITE | J63: 0 | K63: I | L63: MTA
A64: 113304JR | B64: 113301 | C64: JR PRO HEAVY DUTY OVEN CLEANER 4/1 | D64: CS | E64: 1352 | G64: COR-2 | H64: 99430 - 4/1GL WHT W/UN BOX | I64: 9965 | J64: 0 | K64: B | L64: JUST RIGHT | N64: 712002
A65: 113705C | B65: 113701 | C65: GREASE, GRIME AND OIL;REMOVER 5GL PAIL | D65: PL | E65: 453.6 | G65: 0 | H65: 9801UNWL - UN WHITE PL | I65: 9804UNW- WHITE | J65: 0 | K65: I | L65: MTX
A66: 113804 | B66: 113801 | C66: ULTRASTRIP 4/1 CS; | D66: CS | E66: 1352.4 | G66: COR-6 | H66: 9888 (WHITE) / 9932 (UN BOX) | I66: 9965-SAFETY | J66: 0 | K66: B | L66: MTX | N66: 712309
A67: 113805 | B67: 113801 | C67: ULTRASTRIP 5 GAL PAI; | D67: PL | E67: 453.6 | G67: COR-6 | H67: 9801UNWL - UN WHITE PL | I67: 9804UNW- WHITE | J67: 0 | K67: I | L67: MTX
A68: 113904 | B68: 113901 | C68: HEAVY DUTY DESCALER;4/GL CS SCALE REMOVER | D68: CS | E68: 1352.4 | G68: LIMITED Q. | H68: 9919-LQ WHITE GL/LIMQTY | I68: 9965-SAFETY | J68: 0 | K68: S | L68: MTX | N68: 712505
A69: 114004 | B69: 114001 | C69: SPECTRUM 4/1 CS; | D69: CS | E69: 1352.4 | G69: 0 | H69: 9919 - WHITE GALLON | I69: 9994-REGULAR | J69: 0 | K69: B | L69: MTX | N69: 712305
A70: 114104 | B70: 114101 | C70: JUST RIGHT FLR WAX;STPPR 4/1CS | D70: CS | E70: 1352.4 | G70: LIMITED Q. | H70: 9919-LQ WHITE GL/LIMQTY | I70: 9965-SAFETY | J70: 0 | K70: I | L70: MTX
A71: 114105 | B71: 114101 | C71: JUST RIGHT FLR WAX;STPPR 5G PL | D71: PL | E71: 453.6 | G71: COR-3 | H71: 9801UNWL - WHITE | I71: 9804UNW- WHITE | J71: 0 | K71: I | L71: MTX
A72: 114304 | B72: 114301 | C72: SAFE BLUE 4/1 GAL CS; | D72: CS | E72: 1352.4 | G72: 0 | H72: 9877 - NATURAL | I72: 9965-SAFETY | J72: 0 | K72: 0 | L72: MTX | N72: 121001 | O72: 713006
A73: 114504 | B73: 152301 | C73: JUST RIGHT CARPET &;UPHOLSTERY SPOT 4/1 CS | D73: CS | E73: 1352.4 | G73: 0 | H73: 9919 - WHITE GALLON | I73: 9994-REGULAR | J73: 0 | K73: I | L73: MTX
A74: 114532 | B74: 152301 | C74: JUST RIGHT CARPT &;UPHLSTR12/1 W/ 12 SPRAYE | D74: CS | E74: 693 | G74: 0 | H74: 9923C / 9870 | I74: 23106 (28-410 SPRY) | J74: 0 | K74: B | L74: MTX | N74: 712303
A75: 114604 | B75: 114601 | C75: JUST RIGHT DEGREASER;4/1 CS | D75: CS | E75: 1352.4 | G75: LIMITED Q. | H75: 9919-LQ WHITE GL/LIMQTY | I75: 9965-SAFETY | J75: 0 | K75: 0 | L75: MTX | N75: 200127 | O75: 713001
A76: 114655 | B76: 114601 | C76: JUST RIGHT DEGREASER;GL DR | D76: 55GL | E76: 42 | F76: 1 | G76: COR-3 | H76: 97010 - BLUE DRUM | I76: 99521 | J76: 0 | K76: I | L76: MTX
A77: 114704 | B77: 114701 | C77: DOUBLE DUTY;CLNR/NEUTRLZR 4/1 | D77: CS | E77: 1352.4 | G77: 0 | H77: 9919 - WHITE GALLON | I77: 9994-REGULAR | J77: 0 | K77: 0 | L77: MTX | N77: 712306 | O77: 713001
A78: 114705 | D78: PL | E78: 453.6 | G78: 0 | H78: 9801UNWL - UN WHITE PL | I78: 9804UNW- WHITE | J78: 0 | K78: I | L78: MTX
A79: 114804 | B79: 114801 | C79: SPRAY SOLV 4/1 CASE; | D79: CS | E79: 1352.4 | G79: 0 | H79: 9919 - WHITE GALLON | I79: 9994-REGULAR | J79: 0 | K79: B | L79: MTX | N79: 712506
A80: 114804BRDY | B80: 114801 | C80: BRADY POWER CLEANER 4/1 CS | D80: CS | E80: 1352.4 | G80: 0 | H80: 9919 - WHITE GALLON | I80: 9994-REGULAR | J80: 0 | K80: I | L80: BRADY
A81: 114832 | B81: 114801 | C81: SPRAY SOLV 12/1 CS; | D81: CS | E81: 440 | G81: 0 | H81: 9923 / 98680 SHORT | I81: 9964-REGULAR | J81: 0 | K81: B | L81: MTX
A82: 114904 | B82: 114901 | C82: MAINSPRAY 4/1 CASE; | D82: CS | E82: 1352.4 | G82: LIMITED Q. | H82: 9919-LQ WHITE GL/LIMQTY | I82: 9965-SAFETY | J82: 0 | K82: 0 | L82: MTX | N82: 200154 | O82: 713106
A83: 114955 | B83: 114901 | C83: MAINSPRAY 55 GAL DRU; | D83: 55GL | E83: 42 | F83: 1 | G83: 0 | H83: 97010 - BLUE DRUM | I83: 99521 | J83: 0 | K83: I | L83: MTX
A84: 115104 | B84: 115101 | C84: POWERFUL GREEN CLEAN;4/1 CS | D84: CS | E84: 1352.4 | G84: 0 | H84: 9919 - WHITE GALLON | I84: 9994-REGULAR | J84: 0 | K84: B | L84: MTX | N84: 712407
A85: 115155 | B85: 115101 | C85: POWERFUL GREEN CLEAN;55 GL DRUM | D85: 55GL | E85: 42 | F85: 1 | G85: 0 | H85: 97010 - BLUE DRUM | I85: 99521 | J85: 0 | K85: I | L85: MTX
A86: 115155FUL | B86: 115101 | C86: GLISTEN SPECIAL GREEN;A/P 55GL ALL PURPOSE CLE | D86: 55GL | E86: 42 | F86: 1 | G86: 0 | H86: 97010 - BLUE DRUM | I86: 99521 | J86: 0 | K86: I | L86: GLISTEN
A87: 115304 | B87: 115301 | C87: RESEARCH #3 CASE 4/1; | D87: CS | E87: 1352.4 | G87: 0 | H87: 9919 - WHITE GALLON | I87: 9994-REGULAR | J87: 0 | K87: S | L87: MTX
A88: 115404 | B88: 115401 | C88: NEUTRALIZER RINSE AG;4/1 CS | D88: CS | E88: 1352.4 | G88: 0 | H88: 9919 - WHITE GALLON | I88: 9965-SAFETY | J88: 0 | K88: S | L88: MTX | N88: 712506
A89: 115555 | B89: 115501 | C89: STONE CARE CLEANER RTU; | D89: 55GL | E89: 42 | F89: 1 | G89: 0 | H89: 97010 - BLUE DRUM | I89: 99521 | J89: 0 | K89: I | L89: MTX
A90: 115704 | B90: 115701 | C90: SHOWER TUB & TILE 4/GL;CS RESTROOM CLEANER | D90: CS | E90: 1352.4 | G90: LIMITED Q. | H90: 9919-LQ WHITE GL/LIMQTY | I90: 9965-SAFETY | J90: 0 | K90: I | L90: MTX
A91: 115732 | B91: 115701 | C91: SHOWER TUB & TILE;12/32OZ CS RESTROOM CLEA | D91: CS | E91: 440 | G91: LIMITED Q. | H91: 9923 / 98680 SHORT | I91: 99640-SAFETY | J91: 0 | K91: I | L91: MTX
A92: 116004 | B92: 116001 | C92: LIQUID HAND SOAP 15%;4/1 CS | D92: CS | E92: 1352.4 | G92: 0 | H92: 9919 - WHITE GALLON | I92: 9994-REGULAR | J92: 0 | K92: I | L92: MTX
A93: 116104RC | B93: 116101 | C93: OVEN & GRILL CLEANER 4/1 RC | D93: CS | E93: 1352.4 | G93: COR-2 | H93: 9888 WHITE / 9932 (BX) | I93: 9965-SAFETY | J93: 0 | K93: 0 | L93: RONG CHENG
A94: 116302ACI | B94: 116301 | C94: ACI HC MECHANICAL RINSE;AID #21 2/1GAL CS | D94: CS | E94: 1008 | G94: 0 | H94: 9916UN + 9900 | I94: 9965-SAFETY | J94: 90706-GL | K94: I | L94: ACI
A95: 116304ACI | B95: 116301 | C95: ACI HI TEMP RINSE AID#21;4/1GL CS | D95: CS | E95: 1352.4 | G95: LIMITED Q. | H95: 9877 - NATURAL | I95: 9965-SAFETY | J95: 0 | K95: I | L95: ACI
A96: 116305 | B96: 116301 | C96: WAREWASH RINSE AID 5;GAL PAIL | D96: PL | E96: 453.6 | G96: 0 | H96: 9801UNWL - UN WHITE PL | I96: 9804UNW- WHITE | J96: 0 | K96: I | L96: MTX
A97: 116455ACI | B97: 116401 | C97: ACI A/C ANTI-CHLOR #63;55 GAL DRUM | D97: 55GL | E97: 42 | F97: 1 | G97: 0 | H97: 9703 - NATURAL 55GL | I97: 99521 | J97: 0 | K97: I | L97: ACI
A98: 116604 | B98: 116601 | C98: LOTION CLEAN SP 4/1;CASE | D98: CS | E98: 1352.4 | G98: 0 | H98: 9919 - WHITE GALLON | I98: 9994-REGULAR | J98: 0 | K98: B | L98: MTX | N98: 712310
A99: 116704 | B99: 116701 | C99: REFLECT-NEUT PH A.P.;CLNR 4/1 & ODOR COUNTERA | D99: CS | E99: 1352.4 | G99: 0 | H99: 9877 - NATURAL | I99: 9994-REGULAR | J99: 0 | K99: 0 | L99: MTX | N99: 200144 | O99: 713002
A100: 1167041 | B100: 116702 | C100: JUST RIGHT ALL PURPOSE;CLEANER 4/1GL CS | D100: CS | E100: 1352.4 | G100: 0 | H100: 9877 - NATURAL | I100: 9994-REGULAR | J100: 0 | K100: I | L100: MTX
A101: 116704GS | B101: 116701 | C101: GENIE NATURAL STONE AND;TILE CLEANER 4/1GL CS | D101: CS | E101: 1352.4 | G101: 0 | H101: 9877 - NATURAL | I101: 9994-REGULAR | J101: 0 | K101: I | L101: GENIE CLN.
A102: 116705 | B102: 116701 | C102: REFLECT-NEUT PH A.P.;CLNR 5GL & ODOR COUNTER | D102: PL | E102: 453.6 | G102: 0 | H102: 9801UNWL - UN WHITE PL | I102: 9804UNW- WHITE | J102: 0 | K102: I | L102: MTX
A103: 116755 | B103: 116701 | C103: REFLECT-NEUT PH A.P.;CLNR 55G & ODOR COUNTER | D103: 55GL | E103: 42 | F103: 1 | G103: 0 | H103: 97010 - BLUE DRUM | I103: 99521 | J103: 0 | K103: I | L103: MTX
A104: 117041 | B104: 117011 | C104: E-Z WASH PINK HAND S; | D104: CS | E104: 1352.4 | G104: 0 | H104: 9919 - WHITE GALLON | I104: 9994-REGULAR | J104: 0 | K104: B | L104: MTX | N104: 712402
A105: 117104 | B105: 182401 | C105: PINK LUSTER HND SOAP; | D105: CS | E105: 1352.4 | G105: 0 | H105: 9919 - WHITE GALLON | I105: 9994-REGULAR | J105: 0 | K105: S | L105: MTX | N105: 712603
...

Sheet Conversion
A1: Item# | B1: Decsription | C1: Conversion | D1: UOM | E1: WC | F1: Pallet | G1: Conversion 2
A2: 102304SYM | B2: SYM LEMONCELLO HAND SOAP;4/1CS | C2: 1 | D2: CS | E2: 1 | F2: 48 | G2: 4
A3: 103202AMZ | B3: AMAZON PRESTO! APC,;LAVENDER 32OZ 2PK/CS | C3: 1 | D3: CS | E3: 2 | F3: 44 | G3: 0.5
A4: 103302AMZ | B4: AMAZON PRESTO! APC,LEMON;32OZ 2PK/CS | C4: 1 | D4: CS | E4: 2 | F4: 44 | G4: 0.5
A5: 103402AMZ | B5: AMAZON PRESTO! MS CONC;LAVENDER 32OZ 2PK/CS | C5: 1 | D5: CS | E5: 2 | F5: 44 | G5: 0.5
A6: 103602AMZ | B6: AMAZON PRESTO! MS CONC;LEMON 32OZ 2PK/CS | C6: 1 | D6: CS | E6: 2 | F6: 44 | G6: 0.5
A7: 103730AMZ | B7: AMAZON PRESTO! DISH;LAVENDER 30OZ 2PK/CS | C7: 1 | D7: CS | E7: 4 | F7: 120 | G7: 1.5
A8: 103830AMZ | B8: AMAZON PRESTO! DISH;LEMON 30OZ 2PK/CS | C8: 1 | D8: CS | E8: 4 | F8: 288 | G8: 0.46875
A9: 104230AMZ | B9: AMAZON BASICS DISH SOAP,;FRESH 30OZ 4PK/CS | C9: 0.95139 | D9: CS | E9: 4 | F9: 48 | G9: 0.95139
A10: 104250AMZ | B10: AMAZON BASICS DISH SOAP,;FRSH SCNT 50OZ SIOC | C10: 1 | D10: CS | E10: 4 | F10: 360 | G10: 0.4
A11: 104330AMZ | B11: AMAZON BASICS RINSE AID;8OZ 30PK/CS | C11: 1 | D11: CS | E11: 0 | F11: 1 | G11: 1
A12: 104332AMZ | B12: AMAZON BASICS RINSE AID;32OZ 12PK/CS | C12: 1 | D12: CS | E12: 2 | F12: 55 | G12: 3
A13: 1045102 | B13: RF FLOOR CLEANER NEUT PH;2/160 OZ CS # 1760073 | C13: 1 | D13: CS | E13: 3 | F13: 36 | G13: 2.5
A14: 104664AMZ | B14: AMAZON BASICS OXY FRESH;CARPET 64 OZ 1/CS | C14: 1 | D14: CS | E14: 3 | F14: 36 | G14: 0.5
A15: 1046646AMZ | B15: AMAZON BASICS OXY FRESH;CARPET 64 OZ 6/CS | C15: 1 | D15: CS | E15: 1 | F15: 48 | G15: 3 | H15: F
A16: 104764AMZ | B16: AMAZON BASICS PET STAIN;CARPET 64 OZ 1/CS | C16: 1 | D16: CS | E16: 3 | F16: 36 | G16: 0.5
A17: 1047646AMZ | B17: AMAZON BASICS PET STAIN;CARPET 64 OZ 6/CS | C17: 1 | D17: CS | E17: 1 | F17: 48 | G17: 3
A18: 105002 | B18: SANITIZER DISINFECTANT;2/1 GL CS # 1804411 | C18: 1 | D18: CS | E18: 1 | F18: 84 | G18: 2
A19: 105204SYM | B19: SERENADE TAHOE BLUE;MS CLEANER 4/1 CS | C19: 1 | D19: CS | E19: 1 | F19: 48 | G19: 4
A20: 105302 | B20: PINK LOTION HAND SOAP;2/1GL CS # 1801027 | C20: 1 | D20: CS | E20: 1 | F20: 48 | G20: 2
A21: 105504 | B21: LVT FLOOR CLEANER;4GL/CS | C21: 4 | D21: GL | E21: 6 | F21: 48 | G21: 4
A22: 105564T4 | B22: #10 LVT FLOOR CLEANER;4GPM 4/64OZ DILSOL | C22: 4 | D22: BT | E22: 3 | F22: 100 | G22: 2
A23: 105604SYM | B23: SERENADE SOFT&MILD FOAM;HAND SOAP 4/1 | C23: 1 | D23: CS | E23: 1 | F23: 48 | G23: 4
A24: 1056616SYM | B24: SERENADE SOFT&MILD FM;HAND SOAP16OZ6/1CS | C24: 1 | D24: CS | E24: 0 | F24: 1 | G24: 1
A25: 105704SYM | B25: SERENADE HD KITCHEN DEGR;4/1 CASE | C25: 1 | D25: CS | E25: 1 | F25: 48 | G25: 4
A26: 105804RX | B26: DUST RX FAUX PLANT;CLEANER 4/1GL CS | C26: 1 | D26: CS | E26: 0 | F26: 1 | G26: 1
A27: 105904SYM | B27: SERENADE PURE FOAMING;HAND SOAP 4/1 | C27: 1 | D27: CS | E27: 1 | F27: 48 | G27: 4
A28: 106102AMZ | B28: AMAZON BASICS GLASS CLNR;32OZ 2PK/CS | C28: 1 | D28: CS | E28: 0 | F28: 1 | G28: 0.5
A29: 106167AMZ | B29: AMAZON BASICS GLASS CLNR;67.6OZ 6/CS | C29: 1 | D29: CS | E29: 0 | F29: 1 | G29: 3.16
A30: 106232 | B30: NON ACID DISINFECTANT RR;12/1CS | C30: 12 | D30: QT | E30: 2 | F30: 44 | G30: 3
A31: 106504 | B31: DDC GENERAL DISINFECTANT;CLEANER DEODORIZER 4/1CS | C31: 4 | D31: GL | E31: 6 | F31: 48 | G31: 4
A32: 106564T1 | B32: #14 DDC GENERAL DISINFEC;4/64OZ DILSOL | C32: 1 | D32: CS | E32: 0 | F32: 1 | G32: 1
A33: 110264T1 | B33: #2 N-ACID RESTROOM C;4/64OZ DILSOL# 1GAL PER | C33: 4 | D33: BT | E33: 3 | F33: 100 | G33: 2
A34: 110364T1 | B34: #3 ENZYME CLEANER & DEOD;1GPM 4/64OZ DILSOL | C34: 4 | D34: BT | E34: 3 | F34: 100 | G34: 2
A35: 110464T1 | B35: #4 GLASS&MIR CLNR 1G;4/64OZ DILSOL# GLASS & M | C35: 4 | D35: BT | E35: 3 | F35: 100 | G35: 2
A36: 110502BCI | B36: BCI FLOOR CLEANER;LAVALOSO MS 2GL/CS | C36: 1 | D36: CS | E36: 3 | F36: 36 | G36: 2
A37: 110564T1 | B37: #5 MLTI-SURF CLNR 1G;4/64OZ DILSOL# MULTI-SUR | C37: 4 | D37: BT | E37: 3 | F37: 100 | G37: 2
A38: 110764T1 | B38: #7 LINEN FRESH DEODORANT;DILSOL 4/64OZ | C38: 4 | D38: BT | E38: 3 | F38: 100 | G38: 2
A39: 110932SYM | B39: SERENADE TRUMPET NON ACD;WASHROOM CLNR12/1CS | C39: 1 | D39: CS | E39: 2 | F39: 44 | G39: 3
A40: 111004RP | B40: ROYAL FRAGRANCE FREE;HAND SOAP 4/1GL CS | C40: 1 | D40: CS | E40: 1 | F40: 48 | G40: 4
A41: 111904 | B41: TREND ES STRIPPER;CS environmentally prefe | C41: 4 | D41: GL | E41: 1 | F41: 48 | G41: 4
A42: 112055ICL | B42: ICL LIME SCALE REMOVER;55-GL DRUM | C42: 55 | D42: GL | E42: Manual Fill | F42: 1 | G42: 55
A43: 112104 | B43: JUST RIGHT OVEN/GRLL;CLNR 4/1C | C43: 4 | D43: GL | E43: 1 | F43: 48 | G43: 4
A44: 112204 | B44: FAST ACTION 4/1 CS; | C44: 4 | D44: GL | E44: 1 | F44: 48 | G44: 4
A45: 112204SYM | B45: SERENADE DOS LOCOS;OVEN GRILL CLNR 4/1 CS | C45: 1 | D45: CS | E45: 1 | F45: 48 | G45: 4
A46: 112232 | B46: FAST ACTION 12/1 CS; | C46: 1 | D46: CS | E46: 2 | F46: 44 | G46: 3
A47: 112232BCI | B47: BCI RAPID ACTION NO;PNTRT 12/1 OVEN & GRILL | C47: 1 | D47: CS | E47: 2 | F47: 44 | G47: 3
A48: 112232FUL | B48: GLISTEN BLING 12/1;180026 | C48: 1 | D48: CS | E48: 2 | F48: 55 | G48: 3
A49: 112232SYM | B49: SERENADE DOS LOCOS;OVEN GRILL CLNR 12/1 CS | C49: 1 | D49: CS | E49: 2 | F49: 44 | G49: 3
A50: 1122432 | B50: FAST ACTION 4/1 QUART CS; | C50: 1 | D50: CS | E50: 2 | F50: 44 | G50: 1
A51: 112504 | B51: OVENSTRIP 4/1 CS; | C51: 1 | D51: CS | E51: 1 | F51: 48 | G51: 4
A52: 112604 | B52: CHEMVISC OVEN CLNR L;4/1 CS | C52: 4 | D52: GL | E52: 1 | F52: 48 | G52: 4
A53: 112604SYM | B53: SYM LOCO OVEN&GRILL;CLNR 4/1CS | C53: 4 | D53: GL | E53: 1 | F53: 48 | G53: 4
A54: 112632SYM | B54: SYM LOCO OVEN & GRILL;12/1QT CS | C54: 1 | D54: CS | E54: 2 | F54: 44 | G54: 3
A55: 112704 | B55: GROUT BRIGHTENER 4/1;GAL | C55: 4 | D55: GL | E55: 1 | F55: 48 | G55: 4
A56: 113004 | B56: LIME GO 4/GL CS;RESTROOM CLEANER | C56: 4 | D56: GL | E56: 1 | F56: 48 | G56: 4
A57: 113004WES | B57: WESTCO LIME GONE 4/1GLCS; | C57: 1 | D57: CS | E57: 1 | F57: 48 | G57: 4
A58: 113032 | B58: LIME GO 12/32OZ CS;RESTROOM CLEANER | C58: 12 | D58: QT | E58: 2 | F58: 44 | G58: 3
A59: 113032SAT | B59: SATELLITE #2 DESCALER;12/1 QT CS | C59: 1 | D59: CS | E59: 2 | F59: 44 | G59: 3
A60: 113032WAL | B60: WALTER DESCALER 12/1QTCS; | C60: 1 | D60: CS | E60: 2 | F60: 44 | G60: 3
A61: 113055SAT | B61: SATELLITE #2 DESCALER;55 GAL DRUM | C61: 1 | D61: DR | E61: Manual Fill | F61: 1 | G61: 55
A62: 113104 | B62: WAX ELIMINATOR 4/1 GAL; | C62: 4 | D62: GL | E62: 1 | F62: 48 | G62: 4
A63: 113105 | B63: WAX ELIMINATOR 5 GAL;PAIL | C63: 1 | D63: PL | E63: 5 | F63: 36 | G63: 5
A64: 113105SYM | B64: SYM RAPIDO EXTREME;STRIPPER 5G | C64: 1 | D64: PL | E64: 5 | F64: 36 | G64: 5
A65: 113204 | B65: POLYSTRIP 4/1 CS; | C65: 4 | D65: GL | E65: 1 | F65: 48 | G65: 4
A66: 113204FUL | B66: GLISTEN BRUTE FLOOR;STRPR 4/1C | C66: 4 | D66: GL | E66: 1 | F66: 48 | G66: 4
A67: 113204SYM | B67: SYM FORTE HEAVY DUTY;STRIP 4/1 | C67: 4 | D67: GL | E67: 1 | F67: 48 | G67: 4
A68: 113205 | B68: POLYSTRIP 5 GAL PAIL;FLOOR STRIPPER | C68: 1 | D68: PL | E68: 5 | F68: 36 | G68: 5
A69: 113205CEN | B69: ENTRAL PACESETTER;STRIPPER 5GL PAIL | C69: 1 | D69: PL | E69: 5 | F69: 36 | G69: 5
A70: 113205MTA | B70: MTA POLYSTRIP 5 GAL PAIL;FLOOR STRIPPER | C70: 1 | D70: PL | E70: 0 | F70: 1 | G70: 1
A71: 113304JR | B71: JR PRO HEAVY DUTY OVEN;CLEANER 4/1GL CS | C71: 1 | D71: CS | E71: 1 | F71: 48 | G71: 4
A72: 113804 | B72: ULTRASTRIP 4/1 CS; | C72: 4 | D72: GL | E72: 1 | F72: 48 | G72: 4
A73: 113805 | B73: ULTRASTRIP 5 GAL PAI; | C73: 1 | D73: PL | E73: 5 | F73: 36 | G73: 5
A74: 1138551 | B74: ULTRASTRIP 55 GAL DR; | C74: 55 | D74: GL | E74: Manual Fill | F74: 1 | G74: 55
A75: 113904 | B75: HEAVY DUTY DESCALER;4/GL CS SCALE REMOVER | C75: 4 | D75: GL | E75: 1 | F75: 48 | G75: 4
A76: 113904SYM | B76: SYM D-SCALE LIME&SCALE ;RMVR4/1 | C76: 4 | D76: GL | E76: 1 | F76: 48 | G76: 4
A77: 114004 | B77: SPECTRUM 4/1 CS; | C77: 4 | D77: GL | E77: 1 | F77: 48 | G77: 4
A78: 114004CAR | B78: CARRILLOS DAILY FLOOR;MAINTAINER 4GL/CS | C78: 1 | D78: CS | E78: 0 | F78: 1 | G78: 1
A79: 114005 | B79: SPECTRUM 5 GAL PAIL; | C79: 1 | D79: PL | E79: 5 | F79: 36 | G79: 5
A80: 114104 | B80: JUST RIGHT FLR WAX;STPPR 4/1CS | C80: 4 | D80: GL | E80: 1 | F80: 48 | G80: 4
A81: 114105 | B81: JUST RIGHT FLR WAX;STPPR 5G PL | C81: 1 | D81: PL | E81: 5 | F81: 36 | G81: 5
A82: 114302BCI | B82: BCI SAFE D CLEAN 2X1F ;GL/CS | C82: 2 | D82: GL | E82: 3 | F82: 60 | G82: 2
A83: 114304 | B83: SAFE BLUE 4/1 GAL CS; | C83: 4 | D83: GL | E83: 1 | F83: 48 | G83: 4
A84: 1143055 | B84: SAFE BLUE 55 GAL DRU; | C84: 55 | D84: GL | E84: Manual Fill | F84: 1 | G84: 55
A85: 114332MTA | B85: MIGHTY CLEAN 12/1 CASE; | C85: 12 | D85: QT | E85: 2 | F85: 44 | G85: 3
A86: 114532 | B86: JR CARPET & UPHOLSTERY;12/1 W/ 12 SPRAYER | C86: 12 | D86: QT | E86: 2 | F86: 44 | G86: 3
A87: 114532SYM | B87: SYM OVERTURE ;CRPT&LAUNDRY 12/1 CARPET | C87: 12 | D87: QT | E87: 2 | F87: 55 | G87: 3
A88: 114604 | B88: JUST RIGHT HD DEGREASER;4/1 CS | C88: 4 | D88: GL | E88: 1 | F88: 48 | G88: 4
A89: 114604RP | B89: ROYAL DEGSR XH/DUTY;ALLMIGH4/1 #88060 DEGREA | C89: 1 | D89: CS | E89: 1 | F89: 48 | G89: 4
A90: 114604SYM | B90: SYM JAZZ INDUSTRIAL ;DEGRSR 4/C | C90: 4 | D90: GL | E90: 1 | F90: 48 | G90: 4
A91: 114605RP | B91: ROYAL DEGSR XH/DUTY;ALLMIGH5GL #88061 DEGSR | C91: 5 | D91: GL | E91: 5 | F91: 36 | G91: 5
A92: 114655RP | B92: ROYAL DEGSR XH/DT;ALLMIGHT55GL #88062 DEGS | C92: 55 | D92: GL | E92: Manual Fill | F92: 1 | G92: 55
A93: 114704 | B93: DOUBLE DUTY;CLNR/NEUTRLZR 4/1 | C93: 4 | D93: GL | E93: 1 | F93: 48 | G93: 4
A94: 114704WES | B94: WESCO DOUBLE DUTY 4/1GL ;CS | C94: 4 | D94: GL | E94: 1 | F94: 48 | G94: 4
A95: 114804 | B95: SPRAY SOLV 4/1 CASE; | C95: 4 | D95: GL | E95: 1 | F95: 48 | G95: 4
A96: 114804FUL | B96: GLISTEN GRIME BUSTER ;CL&DG4/1C MULTI-SURFACE | C96: 4 | D96: GL | E96: 1 | F96: 48 | G96: 4
A97: 114832FUL | B97: GLISTEN GRIME BUSTER ;CL&DG12/1 MULTI SURFACE | C97: 3 | D97: GL | E97: 2 | F97: 55 | G97: 3
A98: 114904 | B98: MAINSPRAY 4/1 CASE; | C98: 4 | D98: GL | E98: 1 | F98: 48 | G98: 4
A99: 114904LAS | B99: LA SMILE ULTRASONIC CLN;SOL4/1 ULTRASONIC CLEANE | C99: 4 | D99: GL | E99: 1 | F99: 48 | G99: 4
A100: 114904NIVO | B100: NIVO ULTRASONIC CLEANING;SOLUTION 4/1GL CS | C100: 1 | D100: CS | E100: 1 | F100: 48 | G100: 4
...

Sheet WIP
A1: Production
A2: Item # | B2: Desc | C2: Standard Run | D2: Ave Run Size | E2: Average Time/hrs | F2: Product Category | G2: Special Req's | H2: Corrections | I2: Difficulty
A3: 11101 | B3: BASE HAND SOAP BULK | C3: 2032 | D3: 1760 | E3: 4.1 | F3: Base | G3: Min 500gl | H3: 0.09 | I3: 1 | K3: 429.26829 | L3: Clear | M3: No Fragrance
A4: 111001 | B4: FRAGRANCE FREE HD SP BULK | C4: 488 | D4: 436 | E4: 1.4 | F4: Soap | G4: - | H4: 0.03 | I4: 4 | K4: 311.42857 | L4: Clear | M4: No Fragrance
A5: 102301 | B5: LEMON GRASS HAND SOAP | C5: 1000 | D5: 800 | E5: 3 | F5: Soap | G5: Base Needed | H5: 0 | I5: 4 | K5: 266.66667 | L5: Clear | M5: Tuscan Blood Orange
A6: 105001 | B6: MTX PROFESSIONAL SANITIZER | C6: 2100 | D6: 2000 | E6: 2 | F6: Disinfectant | G6: - | H6: 0 | I6: 1 | K6: 1000 | L6: Red | M6: No Fragrance
A7: 105301 | B7: PINK LOTION SOAP BULK | C7: 5200 | D7: 5200 | E7: 4 | F7: Soap | G7: Min 900gl | H7: 0 | I7: 4 | K7: 1300 | L7: Pink | M7: 0
A8: 103201 | B8: AMZN PRESTO APC LAVENDER | C8: 960 | D8: 311 | E8: 2.6 | F8: All Purpose Cleaner | G8: - | H8: 0.31 | I8: 2 | K8: 119.61538 | L8: Clear | M8: Lavender
A9: 103301 | B9: AMZN PRESTO APC LEMON | C9: 960 | D9: 353 | E9: 2.3 | F9: All Purpose Cleaner | G9: - | H9: 0.4 | I9: 2 | K9: 153.47826 | L9: Clear | M9: Citrus
A10: 103401 | B10: AMZN PRESTO LAVENDER CONC | C10: 960 | D10: 261 | E10: 2.4 | F10: All Purpose Cleaner | G10: - | H10: 0.86 | I10: 2 | K10: 108.75 | L10: Clear | M10: Lavender
A11: 103601 | B11: AMZN PRESTO LEMON CONC | C11: 960 | D11: 239 | E11: 1.3 | F11: All Purpose Cleaner | G11: - | H11: 0.43 | I11: 2 | K11: 183.84615 | L11: 0 | M11: 0
A12: 103701 | B12: AMZN PRESTO DISH LAVENDER | C12: 960 | D12: 495 | E12: 6.6 | F12: Dish Soap | G12: MIn 500gl | H12: 0.5 | I12: 4 | K12: 75 | L12: 0 | M12: 0
A13: 103801 | B13: AMZN PRESTO DISH LEMON | C13: 960 | D13: 513 | E13: 6 | F13: Dish Soap | G13: MIn 500gl | H13: 0.79 | I13: 4 | K13: 85.5 | L13: Light Yellow | M13: Lemon
A14: 104201 | B14: AMZN BASICS DISH FRESH SCENT | C14: 2200 | D14: 2585 | E14: 5.6 | F14: Dish Soap | G14: Min 2000gl | H14: 0.29 | I14: 4 | K14: 461.60714 | L14: Blue | M14: Citrus
A15: 104501 | B15: RINSE FREE NEUTRAL PH FLOOR CLEANER | C15: 4950 | D15: 2836 | E15: 3.1 | F15: Floor Cleaner | G15: - | H15: 0.13 | I15: 2 | K15: 914.83871 | L15: Yellow | M15: Lemon
A16: 104601 | B16: AMAZON BASICS OXY FRESH SCENT CARPET CLEANER | C16: 960 | D16: 1000 | E16: 2 | F16: Carpet Care | G16: Tank 72 or 74 | H16: 0 | I16: 2 | K16: 500 | L16: Clear | M16: No Fragrance
A17: 104701 | B17: AMAZON BASICS PET STAIN & ODOR CARPET CLEANER | C17: 960 | D17: 1000 | E17: 2 | F17: Carpet Care | G17: - | H17: 0 | I17: 2 | K17: 500 | L17: Clear | M17: No Fragrance
A18: 105201 | B18: BLUE MS CLEANER BULK | C18: 960 | D18: 200 | E18: 2 | F18: Specialty Clnr | H18: 0 | I18: 3 | K18: 100 | L18: 0 | M18: 0
A19: 105501 | B19: LVT FLOOR CLEANER BULK | C19: 1000 | D19: 200 | E19: 2 | F19: Specialty Clnr | H19: 0 | I19: 3 | K19: 100 | L19: White Milk | M19: Fresh Scent
A20: 105601 | B20: HONEY DEW LIGHT FOAMING HS | C20: 576 | D20: 600 | E20: 2 | F20: Foam Hnd Soap | H20: 0 | I20: 2 | K20: 300 | L20: 0 | M20: 0
A21: 105701 | B21: SUPER JET KLEEN CLEAR | C21: 576 | D21: 600 | E21: 2 | F21: Liq Degreaser | H21: 0 | I21: 2 | K21: 300 | L21: Clear | M21: No Fragrance
A22: 11201 | B22: BASE G.R.S BULK | C22: 739 | D22: 605 | E22: 2.1 | F22: Base | H22: 0 | I22: 1 | K22: 288.09524 | L22: Clear | M22: 0
A23: 11301 | B23: BASE NEUTRAL CLNRS BULK | C23: 508 | D23: 447 | E23: 2.6 | F23: Base | H23: 0.18 | I23: 1 | K23: 171.92308 | L23: 0 | M23: 0
A24: 11401 | B24: BASE FOAMING HD SP BULK | C24: 461 | D24: 461 | E24: 3.5 | F24: Base | H24: 1 | I24: 1 | K24: 131.71429 | L24: 0 | M24: 0
A25: 11501 | B25: FRESH & CLEAN BASE BULK | C25: 960 | D25: 960 | E25: 3 | F25: Base | H25: 0 | I25: 3 | K25: 320 | L25: 0 | M25: 0
A26: 115001 | B26: PEARSON VIVID ALLKLEEN BULK | C26: 55 | D26: 55 | E26: 2.8 | F26: Specialty Clnr | G26: - | H26: 1 | I26: 3 | K26: 19.642857 | L26: 0 | M26: 0
A27: 11801 | B27: FLOOR FINISH 100% BULK | C27: 2400 | D27: 2417 | E27: 6 | F27: Base | H27: 0.2 | I27: 1 | K27: 402.83333 | L27: 0 | M27: 0
A28: 88100 | B28: MC - 28 BULK | C28: 100 | D28: 0 | E28: 1 | F28: Raw Material | G28: - | H28: 0 | I28: 1 | K28: 0 | L28: 0 | M28: 0
A29: 101001 | B29: CLEAN THAT POT BULK | C29: 521 | D29: 478 | E29: 4 | F29: Specialty Clnr | G29: - | H29: 0.16 | I29: 3 | K29: 119.5 | L29: Blue | M29: No Fragrance
A30: 101101 | B30: SAFE TILE & CHROME CLNR BULK | C30: 200 | D30: 216 | E30: 2.1 | F30: Specialty Clnr | G30: - | H30: 0.18 | I30: 3 | K30: 102.85714 | L30: 0 | M30: 0
A31: 101201 | B31: CITRUS D.C. BULK | C31: 634 | D31: 615 | E31: 3.3 | F31: Specialty Clnr | G31: - | H31: 0.06 | I31: 3 | K31: 186.36364 | L31: 0 | M31: 0
A32: 101202 | B32: FLASH-128 BULK | C32: 200 | D32: 0 | E32: 3 | F32: Specialty Clnr | G32: - | H32: 0 | I32: 3 | K32: 0 | L32: 0 | M32: 0
A33: 101301 | B33: SUPER-CLEAN-ORANGE BULK | C33: 200 | D33: 0 | E33: 3 | F33: Specialty Clnr | G33: - | H33: 0 | I33: 3 | K33: 0 | L33: 0 | M33: 0
A34: 101401 | B34: SPARKLE BRITE BULK | C34: 117 | D34: 117 | E34: 2.1 | F34: Glass Clnr | G34: - | H34: 0 | I34: 2 | K34: 55.714286 | L34: 0 | M34: 0
A35: 101501 | B35: BLAST-IT BULK | C35: 264 | D35: 252 | E35: 1.8 | F35: Specialty Clnr | G35: - | H35: 0.05 | I35: 3 | K35: 140 | L35: 0 | M35: 0
A36: 101601 | B36: COLOSSUS BULK | C36: 200 | D36: 0 | E36: 3 | F36: Specialty Clnr | G36: - | H36: 0 | I36: 3 | K36: 0 | L36: 0 | M36: 0
A37: 101801 | B37: VERSATILE DISINFECTANT BULK | C37: 298 | D37: 276 | E37: 3.5 | F37: Disinfectant | G37: * EPA * | H37: 0.25 | I37: 3 | K37: 78.857143 | L37: 0 | M37: 0
A38: 102001 | B38: EXTRACTOR BULK | C38: 200 | D38: 0 | E38: 3 | F38: Car Care | G38: - | H38: 0 | I38: 2 | K38: 0 | L38: 0 | M38: 0
A39: 102201 | B39: DIP-R-SPRAY BULK | C39: 125 | D39: 125 | E39: 2.9 | F39: Specialty Clnr | G39: - | H39: 0.5 | I39: 3 | K39: 43.103448 | L39: 0 | M39: 0
A40: 102401 | B40: PREFERED LIQUID HD SP BULK | C40: 150 | D40: 125 | E40: 5 | F40: Liq Hnd Soap | G40: - | H40: 0 | I40: 4 | K40: 25 | L40: 0 | M40: 0
A41: 102402 | B41: EFFORLESS LEMON LIQUID HD SP BULK | C41: 1114 | D41: 1153 | E41: 3.2 | F41: Liq Hnd Soap | G41: Min 900gl | H41: 0 | I41: 4 | K41: 360.3125 | L41: 0 | M41: 0
A42: 102501 | B42: GRE-SA-WAY BULK | C42: 845 | D42: 892 | E42: 4 | F42: Degreaser | G42: - | H42: 0.1 | I42: 2 | K42: 223 | L42: 0 | M42: 0
A43: 102701 | B43: SUPER STRIP BULK | C43: 680 | D43: 533 | E43: 4.1 | F43: Specialty Clnr | G43: - | H43: 0.11 | I43: 3 | K43: 130 | L43: Yellow | M43: Lemon
A44: 103001 | B44: PURPLE THUNDER BULK | C44: 200 | D44: 0 | E44: 3 | F44: Specialty Clnr | G44: - | H44: 0 | I44: 3 | K44: 0 | L44: 0 | M44: 0
A45: 104101 | B45: LIME-UP TILE CLNR/DINSFCT BULK | C45: 200 | D45: 0 | E45: 3 | F45: Specialty Clnr | G45: - | H45: 0 | I45: 3 | K45: 0 | L45: 0 | M45: 0
A46: 104301 | B46: AMAZON BASICS RINSE AID BULK | C46: 850 | D46: 655 | E46: 3.5 | F46: Specialty Clnr | G46: - | H46: 0.24 | I46: 3 | K46: 187.14286 | L46: Blue Light | M46: No Fragrance
A47: 104201 | B47: AMZN BASICS DISH SP FRSH SCNT BULK | C47: 3300 | D47: 2585 | E47: 5.6 | F47: Dish Soap | G47: Min 2000gl | H47: 0.29 | I47: 4 | K47: 461.60714 | L47: Blue | M47: Citrus
A48: 105401 | B48: METAL BRITE BULK | C48: 159 | D48: 147 | E48: 8.4 | F48: Metal/Furniture Polish | G48: - | H48: 0.11 | I48: 3 | K48: 17.5 | L48: 0 | M48: 0
A49: 106001 | B49: TWISTER BULK | C49: 508 | D49: 461 | E49: 1.4 | F49: Specialty Clnr | G49: - | H49: 0.03 | I49: 3 | K49: 329.28571 | L49: Purple | M49: No Fragrance
A50: 106201 | B50: NON ACID DISINFECTANT BULK | C50: 1000 | D50: 1000 | E50: 3 | F50: Disinfectant | G50: - | H50: 0 | I50: 3 | K50: 333.33333 | L50: 0 | M50: 0
A51: 106301 | B51: FRESH MIST BULK | C51: 200 | D51: 0 | E51: 3 | F51: Deodorant | G51: - | H51: 0 | I51: 3 | K51: 0 | L51: 0 | M51: 0
A52: 106401 | B52: SPARK-64 BULK | C52: 438 | D52: 387 | E52: 3.4 | F52: Specialty Clnr | G52: - | H52: 0.19 | I52: 3 | K52: 113.82353 | L52: Blue | M52: No Fragrance
A53: 106402 | B53: FORMULATION 64 RP BULK | C53: 200 | D53: 0 | E53: 3 | F53: Specialty Clnr | G53: - | H53: 0 | I53: 3 | K53: 0 | L53: 0 | M53: 0
A54: 106403 | B54: FORMULATION 64 YELLOW BULK | C54: 200 | D54: 0 | E54: 3 | F54: Specialty Clnr | G54: - | H54: 0 | I54: 3 | K54: 0 | L54: 0 | M54: 0
A55: 106404 | B55: ALL-IN-ONE BULK | C55: 1288 | D55: 1288 | E55: 2.6 | F55: Specialty Clnr | G55: - | H55: 0 | I55: 3 | K55: 495.38462 | L55: 0 | M55: 0
A56: 108001 | B56: CHAMPION CRYSTAL CLEAR BULK | C56: 325 | D56: 325 | E56: 2.5 | F56: Specialty Clnr | G56: - | H56: 0 | I56: 3 | K56: 130 | L56: 0 | M56: 0
A57: 108201 | B57: DESTINY BULK | C57: 1161 | D57: 1036 | E57: 5 | F57: Floor Finish | G57: Tank 50 or 53 | H57: 0.41 | I57: 4 | K57: 207.2 | L57: White | M57: WAX
A58: 109001 | B58: LIME-X BULK | C58: 200 | D58: 0 | E58: 3 | F58: Specialty Clnr | G58: - | H58: 0 | I58: 3 | K58: 0 | L58: 0 | M58: 0
A59: 109501 | B59: ULTRA GREEN HAND SOAP BULK | C59: 1320 | D59: 1320 | E59: 4.4 | F59: Liq Hnd Soap | G59: Min 900gl | H59: 0 | I59: 4 | K59: 300 | L59: 0 | M59: 0
A60: 109502 | B60: ULTRA GREEN (PINK THICK) BULK | C60: 282 | D60: 252 | E60: 4.5 | F60: Liq Hnd Soap | G60: - | H60: 0.09 | I60: 4 | K60: 56 | L60: 0 | M60: 0
A61: 109503 | B61: ULTRA GREEN (NO DYE) BULK | C61: 960 | D61: 0 | E61: 3 | F61: Liq Hnd Soap | G61: - | H61: 0 | I61: 4 | K61: 0 | L61: 0 | M61: 0
A62: 109504 | B62: ULTRA GREEN (UNSCENTED) BULK | C62: 1714 | D62: 1486 | E62: 2.8 | F62: Liq Hnd Soap | G62: Min 900gl | H62: 0.09 | I62: 4 | K62: 530.71429 | L62: Blue | M62: No Fragrance
A63: 110301 | B63: #3 ENZYME CLNR/DEOD | C63: 352 | D63: 327 | E63: 2.3 | F63: Deodorant | G63: - | H63: 0.02 | I63: 3 | K63: 142.17391 | L63: Blue | M63: No Fragrance
A64: 110401 | B64: #4 GLASS & MIRROR CLNR | C64: 182 | D64: 159 | E64: 1.8 | F64: Glass Clnr | G64: - | H64: 0 | I64: 2 | K64: 88.333333 | L64: 0 | M64: 0
A65: 110501 | B65: #5 MULTI-SURF. CLNR | C65: 248 | D65: 214 | E65: 2.3 | F65: G.P. Cleaner | G65: - | H65: 0.17 | I65: 2 | K65: 93.043478 | L65: Dark Purple | M65: No Fragrance
A66: 105901 | B66: PURE FOAMING HAND SOAP | C66: 1000 | D66: 1000 | E66: 2 | F66: Liq Hnd Soap | G66: Min 900gl | H66: 0 | I66: 2 | K66: 500 | L66: 0 | M66: 0
A67: 110601 | B67: #6 REALLY LEMON DEOD | C67: 133 | D67: 133 | E67: 8.2 | F67: Deodorant | G67: - | H67: 0.33 | I67: 3 | K67: 16.219512 | L67: 0 | M67: 0
A68: 106501 | B68: DDC GENERAL DISINFECTANT BULK | C68: 1000 | D68: 1000 | E68: 2 | F68: Disinfectant | H68: 0 | I68: 2 | K68: 500 | L68: Green | M68: Lemon Lime
A69: 110801 | B69: #8 EVERLASTING DESERT BREEZE | C69: 100 | D69: 100 | E69: 1.5 | F69: Deodorant | G69: - | H69: 0 | I69: 3 | K69: 66.666667 | L69: 0 | M69: 0
A70: 111901 | B70: TREND ENVIRNMTAL STRIPPER | C70: 307 | D70: 264 | E70: 5.8 | F70: Stripper | G70: - | H70: 0.18 | I70: 3 | K70: 45.517241 | L70: Clear | M70: No Fragrance
A71: 112001 | B71: LIME SCALE REMOVER BULK | C71: 667 | D71: 668 | E71: 2.3 | F71: Specialty Clnr | G71: - | H71: 0.07 | I71: 3 | K71: 290.43478 | L71: Clear | M71: No Fragrance
A72: 112101 | B72: JUST RIGHT OVEN & GRILL CLNR | C72: 545 | D72: 557 | E72: 3.5 | F72: Oven Clnr | G72: - | H72: 0.1 | I72: 3 | K72: 159.14286 | L72: Clear | M72: No Fragrance
A73: 112201 | B73: FAST ACTION BULK | C73: 1295 | D73: 1148 | E73: 4 | F73: Oven Clnr | G73: - | H73: 0.09 | I73: 3 | K73: 287 | L73: Yellow | M73: No Fragrance
A74: 112301 | B74: L&C OVEN & GRILL BULK | C74: 200 | D74: 0 | E74: 3 | F74: Specialty Clnr | G74: - | H74: 0 | I74: 3 | K74: 0 | L74: 0 | M74: 0
A75: 112501 | B75: OVEN STRIP BULK | C75: 181 | D75: 228 | E75: 3.4 | F75: Stripper | G75: - | H75: 0.2 | I75: 3 | K75: 67.058824 | L75: 0 | M75: 0
A76: 112601 | B76: CHEMVISC BULK | C76: 497 | D76: 432 | E76: 4.6 | F76: Oven Clnr | G76: - | H76: 0.33 | I76: 3 | K76: 93.913043 | L76: Brown | M76: No Fragrance
A77: 112701 | B77: GROUT BRIGHTENER BULK | C77: 323 | D77: 284 | E77: 2.1 | F77: Grout Clnr | G77: - | H77: 0.05 | I77: 3 | K77: 135.2381 | L77: Clear | M77: No Fragrance
A78: 112901 | B78: GREEN OVEN & GRILL BULK | C78: 200 | D78: 0 | E78: 3 | F78: Specialty Clnr | G78: - | H78: 0 | I78: 3 | K78: 0 | L78: 0 | M78: 0
A79: 113001 | B79: LIME GO | C79: 892 | D79: 827 | E79: 2.8 | F79: RR Cleaner | G79: - | H79: 0 | I79: 3 | K79: 295.35714 | L79: Yellow | M79: No Fragrance
A80: 113101 | B80: WAX ELIMINATOR | C80: 513 | D80: 469 | E80: 2.7 | F80: Stripper | G80: - | H80: 0.13 | I80: 3 | K80: 173.7037 | L80: Clear | M80: WAX
A81: 113201 | B81: POLYSTRIP BULK | C81: 537 | D81: 475 | E81: 3.1 | F81: Stripper | G81: - | H81: 0.38 | I81: 3 | K81: 153.22581 | L81: Yellow | M81: No Fragrance
A82: 113301 | B82: JR PRO HEAVY DUTY OVEN CLNR BULK | C82: 1344 | D82: 1344 | E82: 3 | F82: Oven Clnr | G82: - | H82: 0 | I82: 3.5 | K82: 448 | L82: Brown | M82: No Fragrance
A83: 113516 | B83: COSTCO INDUST. FLR STRIPPER BULK | C83: 504 | D83: 504 | E83: 2.6 | F83: Stripper | G83: - | H83: 0.21 | I83: 3 | K83: 193.84615 | L83: 0 | M83: 0
A84: 113701 | B84: GREASE, GRIME & OIL RMVR BULK | C84: 200 | D84: 0 | E84: 3 | F84: Stripper | G84: - | H84: 0 | I84: 3 | K84: 0 | L84: 0 | M84: 0
A85: 113801 | B85: ULTRA STRIP | C85: 453 | D85: 415 | E85: 2.8 | F85: Stripper | G85: - | H85: 0.07 | I85: 3 | K85: 148.21429 | L85: Amber | M85: No Fragrance
A86: 113901 | B86: HEAVY DUTY DESCALER | C86: 451 | D86: 377 | E86: 1.9 | F86: RR Cleaner | G86: - | H86: 0.04 | I86: 3 | K86: 198.42105 | L86: Green Light | M86: No Fragrance
A87: 114001 | B87: SPECTRUM | C87: 383 | D87: 339 | E87: 1.1 | F87: G.P. Cleaner | G87: - | H87: 0.03 | I87: 2 | K87: 308.18182 | L87: Blue Light | M87: No Fragrance
A88: 114101 | B88: JR. FLOOR WAX STRIPPER BULK | C88: 392 | D88: 367 | E88: 1.7 | F88: Stripper | G88: - | H88: 0.05 | I88: 3 | K88: 215.88235 | L88: Yellow | M88: WAX
A89: 114301 | B89: SAFE BLUE | C89: 2109 | D89: 2372 | E89: 3.8 | F89: Liq Degreaser | G89: - | H89: 0.16 | I89: 3 | K89: 624.21053 | L89: Blue | M89: No Fragrance
A90: 114601 | B90: JR. DEGREASER BULK | C90: 993 | D90: 921 | E90: 2.7 | F90: Liq Degreaser | G90: - | H90: 0 | I90: 3 | K90: 341.11111 | L90: Yellow | M90: No Fragrance
A91: 114701 | B91: DOUBLE DUTY BULK | C91: 769 | D91: 543 | E91: 2.7 | F91: G.P. Cleaner | G91: - | H91: 0.03 | I91: 2 | K91: 201.11111 | L91: Pink | M91: No Fragrance
A92: 114801 | B92: SPRAY SOLV | C92: 432 | D92: 390 | E92: 2.5 | F92: G.P. Cleaner | G92: - | H92: 0.04 | I92: 2 | K92: 156 | L92: 0 | M92: 0
A93: 114901 | B93: MAINSPRAY | C93: 603 | D93: 552 | E93: 2.5 | F93: Liq Degreaser | G93: - | H93: 0 | I93: 3 | K93: 220.8 | L93: Blue | M93: No Fragrance
A94: 114903 | B94: ULTRASONIC SOLUTION | C94: 349 | D94: 328 | E94: 2.3 | F94: Specialty Clnr | G94: - | H94: 0.03 | I94: 3 | K94: 142.6087 | L94: Blue | M94: No Fragrance
A95: 114955002 | B95: ULTRASONIC SOLUTION CONC BULK | C95: 255 | D95: 255 | E95: 2.4 | F95: Specialty Clnr | G95: - | H95: 0.5 | I95: 3 | K95: 106.25 | L95: 0 | M95: 0
A96: 115101 | B96: POWERFUL GREEN BULK | C96: 397 | D96: 379 | E96: 2.3 | F96: G.P. Cleaner | G96: - | H96: 0.04 | I96: 2 | K96: 164.78261 | L96: Green | M96: No Fragrance
A97: 115201 | B97: FS ALL PURPOSE CLNR BULK | C97: 1141 | D97: 895 | E97: 2.9 | F97: Specialty Clnr | G97: - | H97: 0.03 | I97: 3 | K97: 308.62069 | L97: Clear | M97: No Fragrance
A98: 115301 | B98: RESEARCH #3 | C98: 200 | D98: 0 | E98: 3 | F98: Specialty Clnr | G98: - | H98: 0 | I98: 3 | K98: 0 | L98: 0 | M98: 0
A99: 115401 | B99: NEUTRALIZER RINSE AGENT | C99: 166 | D99: 177 | E99: 1.5 | F99: G.P. Cleaner | G99: - | H99: 0 | I99: 2 | K99: 118 | L99: Clear | M99: No Fragrance
A100: 115501 | B100: STONE CARE CLNR RTU | C100: 200 | D100: 0 | E100: 3 | F100: Specialty Clnr | G100: - | H100: 0 | I100: 3 | K100: 0 | L100: 0 | M100: 0
...

Sheet Pack
A1: Item# | B1: Default Line# | C1: Pack Type | D1: Formula # | E1: Closure Type | F1: Gal Conversion | G1: Pallet Qty
A6: 102304SYM | B6: 1 | C6: 9919 | D6: 102301 | E6: 99560 | F6: 4 | G6: 48
A7: 103202AMZ | B7: 2 | C7: 9875 | D7: 103201 | E7: 9963 | F7: 0.5 | G7: 150
A8: 103302AMZ | B8: 2 | C8: 9875 | D8: 103301 | E8: 9963 | F8: 0.5 | G8: 150
A9: 103402AMZ | B9: 2 | C9: 9875 | D9: 103401 | E9: 9963 | F9: 0.5 | G9: 150
A10: 103602AMZ | B10: 2 | C10: 9875 | D10: 103601 | E10: 9963 | F10: 2 | G10: 150
A11: 103730AMZ | B11: 4 | C11: 9828 | D11: 103701 | E11: 9948HS | F11: 0.5 | G11: 288
A12: 103830AMZ | B12: 4 | C12: 9828 | D12: 103801 | E12: 9948HS | F12: 0.5 | G12: 288
A13: 104230AMZ | B13: 4 | C13: 9828 | D13: 104201 | E13: 9948HS | F13: 0.95 | G13: 144
A14: 104250AMZ | B14: 4 | C14: 9852 | D14: 104201 | E14: 9948HS | F14: 2.34 | G14: 360
A15: 104332AMZ | B15: 2 | C15: 9875 | D15: 104301 | E15: #N/A | F15: 3 | G15: 55
A16: 1045102 | B16: 3 | C16: 9890 | D16: 104501 | E16: 99560 | F16: 2.5 | G16: 84
A17: 104664AMZ | B17: 3 | C17: 98711 | D17: 104601 | E17: 99534 | F17: 0.5 | G17: 312
A18: 104764AMZ | B18: 3 | C18: 98711 | D18: 104701 | E18: 99534 | F18: 0.5 | G18: 312
A19: 105002 | B19: 1 | C19: 9888N | D19: 105001 | E19: 99560 | F19: 2 | G19: 84
A20: 105204SYM | B20: 1 | C20: 9919 | D20: 105201 | E20: 9965 | F20: 4 | G20: 48
A21: 105302 | B21: 1 | C21: 9888N | D21: 182401 | E21: 99560 | F21: 2 | G21: 84
A22: 105604SYM | B22: 1 | C22: 9919 | D22: 105601 | E22: 9965 | F22: 4 | G22: 48
A23: 105704SYM | B23: 1 | C23: 9919-LQ | D23: 105701 | E23: 99560 | F23: 4 | G23: 48
A24: 108904FUL | B24: 1 | C24: 9877 | D24: 180802 | E24: 99560 | F24: 1 | G24: 48
A25: 1102644T1BRDY | B25: 3 | C25: 98710 | D25: 143509 | E25: 99560 | F25: 0.5 | G25: 100
A26: 110264T1 | B26: 3 | C26: 98710 | D26: 143509 | E26: 99560 | F26: 0.5 | G26: 400
A27: 1103644T1BRDY | B27: 3 | C27: 98710 | D27: 110301 | E27: 99560 | F27: 0.5 | G27: 100
A28: 1103644T1COLE | B28: 3 | C28: 98710 | D28: 110301 | E28: 99560 | F28: 0.5 | G28: 100
A29: 110364T1 | B29: 3 | C29: 98710 | D29: 110301 | E29: 99560 | F29: 0.5 | G29: 400
A30: 110464T1 | B30: 3 | C30: 98710 | D30: 110401 | E30: 99560 | F30: 0.5 | G30: 400
A31: 110502BCI | B31: 3 | C31: 9916 | D31: 110501 | E31: 9965 | F31: 2 | G31: 60
A32: 1105644T1BRDY | B32: 3 | C32: 98710 | D32: 110501 | E32: 99560 | F32: 0.5 | G32: 400
A33: 110564T1 | B33: 3 | C33: 98710 | D33: 110501 | E33: 99560 | F33: 0.5 | G33: 400
A34: 110664T1 | B34: 3 | C34: 98710 | D34: 110601 | E34: 99590 | F34: 0.5 | G34: 400
A35: 110764T1 | B35: 3 | C35: 98710 | D35: 158001 | E35: 99590 | F35: 0.5 | G35: 400
A36: 110864T1 | B36: 3 | C36: 98710 | D36: 110801 | E36: 99590 | F36: 0.5 | G36: 100
A37: 110932SYM | B37: 2 | C37: 9872 | D37: 110901 | E37: #N/A | F37: 3 | G37: 55
A38: 111004RP | B38: 1 | C38: 9919 | D38: 111001 | E38: 99560 | F38: 4 | G38: 48
A39: 111904 | B39: 1 | C39: 9919 | D39: 111901 | E39: 99560 | F39: 4 | G39: 192
A40: 111904BRDY | B40: 1 | C40: 9919 | D40: 111901 | E40: 99560 | F40: 1 | G40: 48
A41: 111905 | B41: 5 | C41: 9801UNWL | D41: 111901 | E41: 9804UNW | F41: 5 | G41: 36
A42: 111905BRDY | B42: 5 | C42: 9801UNWL | D42: 111901 | E42: 9804UNW | F42: 5 | G42: 36
A43: 112055ICL | B43: Manual Fill | C43: 97010 | D43: 112001 | E43: 99521 | F43: 1 | G43: 55
A44: 112104 | B44: 1 | C44: 99430 | D44: 112101 | E44: 99560 | F44: 4 | G44: 192
A45: 112204 | B45: 1 | C45: 99430 | D45: 112201 | E45: 99560 | F45: 4 | G45: 192
A46: 112204BRDY | B46: 1 | C46: 9943 | D46: 112201 | E46: 99560 | F46: 1 | G46: #N/A
A47: 112204LOW | B47: 1 | C47: 99430 | D47: 112201 | E47: 99560 | F47: 4 | G47: #N/A
A48: 112204RED | B48: 1 | C48: 99430 | D48: 112201 | E48: 99560 | F48: 1 | G48: #N/A
A49: 112204SYM | B49: 1 | C49: 99430 | D49: 112201 | E49: 99560 | F49: 4 | G49: 55
A50: 112205BRDY | B50: 5 | C50: 9801UNL | D50: 112201 | E50: 9804UNW | F50: 5 | G50: 180
A51: 112232 | B51: 2 | C51: 98680 | D51: 112201 | E51: 99640 | F51: 3 | G51: 44
A52: 112232BCI | B52: 2 | C52: 98680 | D52: 112201 | E52: 99640 | F52: 3 | G52: 55
A53: 112232BRDY | B53: 2 | C53: 98680 | D53: 112201 | E53: 99640 | F53: 3 | G53: 55
A54: 112232FUL | B54: 2 | C54: 98680 | D54: 112201 | E54: 99640 | F54: 3 | G54: 55
A55: 112232SYM | B55: 2 | C55: 98680 | D55: 112201 | E55: 99640 | F55: 3 | G55: 55
A56: 1122432 | B56: 2 | C56: 98680 | D56: 112201 | E56: 99640 | F56: 3 | G56: 100
A57: 112255BRDY | B57: Manual Fill | C57: 97010 | D57: 112201 | E57: 99521 | F57: 1 | G57: #N/A
A58: 112504 | B58: 1 | C58: 99430 | D58: 112501 | E58: 99560 | F58: 4 | G58: 48
A59: 112604 | B59: 1 | C59: 99430 | D59: 112601 | E59: 99560 | F59: 4 | G59: 192
A60: 112604SYM | B60: 1 | C60: 9943 | D60: 112601 | E60: 99560 | F60: 1 | G60: 192
A61: 112632 | B61: 2 | C61: 98680 | D61: 112601 | E61: 99640 | F61: 3 | G61: 44
A62: 112632SYM | B62: 2 | C62: 98680 | D62: 112601 | E62: 99640 | F62: 3 | G62: 55
A63: 112704 | B63: 1 | C63: 9919-LQ | D63: 112701 | E63: 99560 | F63: 4 | G63: 192
A64: 112704BRDY | B64: 1 | C64: 9919-LQ | D64: 112701 | E64: 99560 | F64: 1 | G64: #N/A
A65: 112904 | B65: 1 | C65: 9919 | D65: 112901 | E65: 99560 | F65: 4 | G65: 48
A66: 113004 | B66: 1 | C66: 9919-LQ | D66: 113001 | E66: 99560 | F66: 4 | G66: 192
A67: 113004BRDY | B67: 1 | C67: 9877 | D67: 1130BR | E67: 99560 | F67: 1 | G67: 192
A68: 113004FUL | B68: 1 | C68: 9877 | D68: 113001 | E68: 99560 | F68: 1 | G68: 192
A69: 113004LOW | B69: 1 | C69: 9919-LQ | D69: 113001 | E69: 99560 | F69: 4 | G69: 192
A70: 113004WES | B70: 1 | C70: 9919-LQ | D70: 113001 | E70: 99560 | F70: 4 | G70: 48
A71: 113032 | B71: 2 | C71: 98680 | D71: 113001 | E71: 99640 | F71: 3 | G71: 528
A72: 113032BRDY | B72: 2 | C72: 98680 | D72: 113001 | E72: 99640 | F72: 0.25 | G72: 660
A73: 113032SAT | B73: 2 | C73: 98680 | D73: 113001 | E73: 99640 | F73: 3 | G73: 55
A74: 113032WAL | B74: 2 | C74: 98680 | D74: 113001 | E74: 99640 | F74: 3 | G74: 55
A75: 113055SAT | B75: Manual Fill | C75: 97010 | D75: 113001 | E75: 99521 | F75: 55 | G75: 1
A76: 113055WAL | B76: Manual Fill | C76: 97010 | D76: 113001 | E76: 99521 | F76: 55 | G76: 1
A77: 113104 | B77: 1 | C77: 99430 | D77: 113101 | E77: 9965 | F77: 4 | G77: 192
A78: 113104COLE | B78: 1 | C78: 99430 | D78: 113101 | E78: 99560 | F78: 1 | G78: #N/A
A79: 113105 | B79: 5 | C79: 9801UNWL | D79: 113101 | E79: 9804UNW | F79: 5 | G79: 36
A80: 113105COLE | B80: 5 | C80: 9801UNWL | D80: 113101 | E80: 9804UNW | F80: 5 | G80: #N/A
A81: 113105SYM | B81: 5 | C81: 9801UNWL | D81: 113101 | E81: 9804UNW | F81: 5 | G81: 36
A82: 113114IR | B82: 1 | C82: 99430 | D82: 1131IR | E82: 99560 | F82: 1 | G82: #N/A
A83: 113204 | B83: 1 | C83: 99430 | D83: 113201 | E83: 9965 | F83: 4 | G83: 192
A84: 113204BRDY | B84: 1 | C84: 99430 | D84: 113201 | E84: 99560 | F84: 1 | G84: #N/A
A85: 113204CEN | B85: 1 | C85: 99430 | D85: 113201 | E85: 99560 | F85: 4 | G85: #N/A
A86: 113204FUL | B86: 1 | C86: 99430 | D86: 113201 | E86: 99560 | F86: 1 | G86: 192
A87: 113204RP | B87: 1 | C87: 99430 | D87: 113201 | E87: 99560 | F87: 1 | G87: 192
A88: 113204SYM | B88: 1 | C88: 99430 | D88: 113201 | E88: 99560 | F88: 1 | G88: 192
A89: 113205 | B89: 5 | C89: 9801UNWL | D89: 113201 | E89: 9804UNW | F89: 5 | G89: 36
A90: 113205BRDY | B90: 5 | C90: 9801UNWL | D90: 113201 | E90: 9804UNW | F90: 5 | G90: #N/A
A91: 113205CEN | B91: 5 | C91: 9801UNWL | D91: 113201 | E91: 9804UNW | F91: 5 | G91: #N/A
A92: 113304JR | B92: 1 | C92: 99430 | D92: 113301 | E92: 99560 | F92: 4 | G92: 48
A93: 113504BRDY | B93: 1 | C93: 9919-LQ | D93: 113516 | E93: 99560 | F93: 1 | G93: #N/A
A94: 113505BRDY | B94: 5 | C94: 9801UNWL | D94: 113516 | E94: 9804UNW | F94: 5 | G94: #N/A
A95: 113705C | B95: 5 | C95: 9801UNWL | D95: 113701 | E95: 9804UNW | F95: 5 | G95: #N/A
A96: 113804 | B96: 1 | C96: 99430 | D96: 113801 | E96: 99560 | F96: 4 | G96: 192
A97: 113804LOW | B97: 1 | C97: 99430 | D97: 113801 | E97: 99560 | F97: 4 | G97: #N/A
A98: 113805 | B98: 5 | C98: 9801UNWL | D98: 113801 | E98: 9804UNW | F98: 5 | G98: 36
A99: 1138551 | B99: Manual Fill | C99: 97010 | D99: 113801 | E99: 99521 | F99: 1 | G99: 55
A100: 113904 | B100: 1 | C100: 9919-LQ | D100: 113901 | E100: 99560 | F100: 4 | G100: 192
A101: 113904SYM | B101: 1 | C101: 9877 | D101: 113901 | E101: 99560 | F101: 1 | G101: 192
A102: 113955COLE | B102: Manual Fill | C102: 97010 | D102: 113901 | E102: 99521 | F102: 1 | G102: #N/A
A103: 114004 | B103: 1 | C103: 9919 | D103: 114001 | E103: 99560 | F103: 4 | G103: 192
A104: 114004BRDY | B104: 1 | C104: 9877 | D104: 114001 | E104: 99560 | F104: 1 | G104: #N/A
...

Sheet 01-02 PM
B1: PRODUCTION SCHEDULE | I1: 46024 | Q1: =R1 -> 14.228483 | R1: =SUM(Q14+Q23+Q32+Q38+Q48+Q54+Q61) -> 14.228483 | S1: =IF(R1>12,"Schedule Full") -> Schedule Full | AD1: =AG1-1 -> 46023 | AG1: =I1 -> 46024 | AI1: =SUM(AD4,AG4) -> 8280 | AJ1: Gallons
AD2: 1 shift | AG2: 2 shift
A3: PRIORITY | B3: Alert: All liquids MUST be filtered! NO EXCEPTIONS! | AD3: =AD4/4 -> 1870 | AE3: =AE4/5 -> 2.7405046 | AG3: =AG4/4 -> 200 | AH3: =AH4/5 -> 0.81979341
B4: Description | C4: Sku# | D4: Ordered | E4: Formula # | F4: Brand | G4: LABEL | H4: ID | I4: Haz_Info | K4: Bottle Label | L4: Box Label | M4: BOTTLE LABEL LOCATION | N4: BOX LABEL LOCATION | U4: Time | V4: Family | W4: Item Family | X4: Fragrance | Y4: WIP | Z4: Name | AA4: Pack Type | AB4: Rate | AC4: Notes | AD4: =SUM(AD7:AD63) -> 7480 | AE4: =SUM(AE7:AE63) -> 13.702523 | AG4: =SUM(AG7:AG63) -> 800 | AH4: =SUM(AH7:AH63) -> 4.0989671
B6: Line #1 | O6: Shift Rate | P6: Hour Rate | Q6: Run Time
A7: A | B7: =iferror(vlookup(C7,Source!$A$10:$O$1488,3,0),"-") -> HI SUDS PLUS DISH SOAP;4/1 CS | C7: 18300490 | D7: 1200 | E7: =iferror(vlookup(C7,Source!$A$10:$O$1488,2,0),"-") -> 183002 | F7: =iferror(vlookup(C7,Source!$A$10:$O$1488,12,0),"-") -> INNOUT | G7: =IF(H7="B","BOX LABEL",+IF(AND(H7="I"),"IN HOUSE",+IF(AND(H7="S"),"SPECIAL",+IF(AND(H7="BP"),"BUG FREE",+IF(AND(H7="A"),"Pre Labeled","-"))))) -> - | H7: =iferror(vlookup(C7,Source!$A$10:$O$1488,11,0),"-") -> 0 | I7: =iferror(vlookup(C7,Source!$A$10:$O$1488,7,0),"-") -> 0 | J7: =IFERROR(_xlfn.FLOOR.MATH(VLOOKUP(C7, Conversion!$A$1:$G$1483,7,0)*D7*1.05,10),"-") -> 5040 | K7: =if(G7="in house",D7*4,+if(G7="bottle label",D7*4,+if(or(G7="bottle"),G7*4,0))) -> 0 | L7: =if(G7="box label",D7,+IF(or(G7="in house"),D7,+if(or(G7="special"),D7,0))) -> 0 | M7: =iferror(vlookup(C7,Source!$A$10:$O$1488,14,0),"-") -> 120901 | N7: =iferror(vlookup(C7,Source!$A$10:$O$1488,15,0),"-") -> 713006 | O7: =iferror(vlookup(C7,Source!$A$10:$O$1488,5,0),0) -> 1352.4 | P7: =if(O7>1,O7/7.67,"-") -> 176.32334 | Q7: =if(O7>0,D7/O7*7.67,0) -> 6.8056788 | U7: =IF(Q7=0,14,SUM(5)+SUM(Q7)) -> 11.805679 | V7: =IFERROR(VLOOKUP(E7,WIP!$A$1:$S$1478,6,0),"-") -> Dish Soap | W7: =IFERROR(VLOOKUP(E7,WIP!$A$1:$M$1478,12,0),"-") -> Blue | X7: =IFERROR(VLOOKUP(E7,WIP!$A$1:$M$1478,13,0),"-") -> Floral | Y7: =E7 -> 183002 | Z7: =IFERROR(VLOOKUP(E7,WIP!$A$1:$K$1478,2,0),"-") -> HI SUDS PLUS DISH SOAP BULK | AA7: =IFERROR(VLOOKUP(C7,Pack!$A$5:$G$1997,3,FALSE),"-") -> 9877 | AB7: =IFERROR(VLOOKUP(E7,WIP!$A$1:$K$1478,11,0),"-") -> 598.81356 | AC7: =IFERROR(VLOOKUP(E7,WIP!$A$1:$K$1478,7,0),"-") -> Min 900gl | AD7: =IF(U7<13,J7,0) -> 5040 | AE7: =IFERROR(AD7/AB7,"-") -> 8.4166431 | AG7: =IF(U7>13,J7,0) -> 0 | AH7: =IFERROR(AG7/AB7,0) -> 0
A8: B | B8: =iferror(vlookup(C8,Source!$A$10:$O$1488,3,0),"-") -> - | E8: =iferror(vlookup(C8,Source!$A$10:$O$1488,2,0),"-") -> - | F8: =iferror(vlookup(C8,Source!$A$10:$O$1488,12,0),"-") -> - | G8: =IF(H8="B","BOX LABEL",+IF(AND(H8="I"),"IN HOUSE",+IF(AND(H8="S"),"SPECIAL",+IF(AND(H8="BP"),"BUG FREE",+IF(AND(H8="A"),"Pre Labeled","-"))))) -> - | H8: =iferror(vlookup(C8,Source!$A$10:$O$1488,11,0),"-") -> - | I8: =iferror(vlookup(C8,Source!$A$10:$O$1488,7,0),"-") -> - | J8: =IFERROR(_xlfn.FLOOR.MATH(VLOOKUP(C8, Conversion!$A$1:$G$1483,7,0)*D8*1.05,10),"-") -> - | K8: =if(G8="in house",D8*4,+if(G8="bottle label",D8*4,+if(or(G8="bottle"),G8*4,0))) -> 0 | L8: =if(G8="box label",D8,+IF(or(G8="in house"),D8,+if(or(G8="special"),D8,0))) -> 0 | M8: =iferror(vlookup(C8,Source!$A$10:$O$1488,14,0),"-") -> - | N8: =iferror(vlookup(C8,Source!$A$10:$O$1488,15,0),"-") -> - | O8: =iferror(vlookup(C8,Source!$A$10:$O$1488,5,0),0) -> 0 | P8: =if(O8>1,O8/7.67,"-") -> - | Q8: =if(O8>0,D8/O8*7.67,0) -> 0 | U8: =SUM(0.5,Q8)+SUM(U7) -> 12.305679 | V8: =IFERROR(VLOOKUP(E8,WIP!$A$1:$S$1478,6,0),"-") -> - | W8: =IFERROR(VLOOKUP(E8,WIP!$A$1:$M$1478,12,0),"-") -> - | X8: =IFERROR(VLOOKUP(E8,WIP!$A$1:$M$1478,13,0),"-") -> - | Y8: =E8 -> - | Z8: =IFERROR(VLOOKUP(E8,WIP!$A$1:$K$1478,2,0),"-") -> - | AA8: =IFERROR(VLOOKUP(C8,Pack!$A$5:$G$1997,3,FALSE),"-") -> - | AB8: =IFERROR(VLOOKUP(E8,WIP!$A$1:$K$1478,11,0),"-") -> - | AC8: =IFERROR(VLOOKUP(E8,WIP!$A$1:$K$1478,7,0),"-") -> - | AD8: =IF(U8<13,J8,0) -> - | AE8: =IFERROR(AD8/AB8,"-") -> - | AG8: =IF(U8>13,J8,0) -> 0 | AH8: =IFERROR(AG8/AB8,0) -> 0
A9: C | B9: =iferror(vlookup(C9,Source!$A$10:$O$1488,3,0),"-") -> - | E9: =iferror(vlookup(C9,Source!$A$10:$O$1488,2,0),"-") -> - | F9: =iferror(vlookup(C9,Source!$A$10:$O$1488,12,0),"-") -> - | G9: =IF(H9="B","BOX LABEL",+IF(AND(H9="I"),"IN HOUSE",+IF(AND(H9="S"),"SPECIAL",+IF(AND(H9="BP"),"BUG FREE",+IF(AND(H9="A"),"Pre Labeled","-"))))) -> - | H9: =iferror(vlookup(C9,Source!$A$10:$O$1488,11,0),"-") -> - | I9: =iferror(vlookup(C9,Source!$A$10:$O$1488,7,0),"-") -> - | J9: =IFERROR(_xlfn.FLOOR.MATH(VLOOKUP(C9, Conversion!$A$1:$G$1483,7,0)*D9*1.05,10),"-") -> - | K9: =if(G9="in house",D9*4,+if(G9="bottle label",D9*4,+if(or(G9="bottle"),G9*4,0))) -> 0 | L9: =if(G9="box label",D9,+IF(or(G9="in house"),D9,+if(or(G9="special"),D9,0))) -> 0 | M9: =iferror(vlookup(C9,Source!$A$10:$O$1488,14,0),"-") -> - | N9: =iferror(vlookup(C9,Source!$A$10:$O$1488,15,0),"-") -> - | O9: =iferror(vlookup(C9,Source!$A$10:$O$1488,5,0),0) -> 0 | P9: =if(O9>1,O9/7.67,"-") -> - | Q9: =if(O9>0,D9/O9*7.67,0) -> 0 | U9: =SUM(0.5,Q9)+SUM(U8) -> 12.805679 | V9: =IFERROR(VLOOKUP(E9,WIP!$A$1:$S$1478,6,0),"-") -> - | W9: =IFERROR(VLOOKUP(E9,WIP!$A$1:$M$1478,12,0),"-") -> - | X9: =IFERROR(VLOOKUP(E9,WIP!$A$1:$M$1478,13,0),"-") -> - | Y9: =E9 -> - | Z9: =IFERROR(VLOOKUP(E9,WIP!$A$1:$K$1478,2,0),"-") -> - | AA9: =IFERROR(VLOOKUP(C9,Pack!$A$5:$G$1997,3,FALSE),"-") -> - | AB9: =IFERROR(VLOOKUP(E9,WIP!$A$1:$K$1478,11,0),"-") -> - | AC9: =IFERROR(VLOOKUP(E9,WIP!$A$1:$K$1478,7,0),"-") -> - | AD9: =IF(U9<13,J9,0) -> - | AE9: =IFERROR(AD9/AB9,"-") -> - | AG9: =IF(U9>13,J9,0) -> 0 | AH9: =IFERROR(AG9/AB9,0) -> 0
A10: D | B10: =iferror(vlookup(C10,Source!$A$10:$O$1488,3,0),"-") -> - | E10: =iferror(vlookup(C10,Source!$A$10:$O$1488,2,0),"-") -> - | F10: =iferror(vlookup(C10,Source!$A$10:$O$1488,12,0),"-") -> - | G10: =IF(H10="B","BOX LABEL",+IF(AND(H10="I"),"IN HOUSE",+IF(AND(H10="S"),"SPECIAL",+IF(AND(H10="BP"),"BUG FREE",+IF(AND(H10="A"),"Pre Labeled","-"))))) -> - | H10: =iferror(vlookup(C10,Source!$A$10:$O$1488,11,0),"-") -> - | I10: =iferror(vlookup(C10,Source!$A$10:$O$1488,7,0),"-") -> - | J10: =IFERROR(_xlfn.FLOOR.MATH(VLOOKUP(C10, Conversion!$A$1:$G$1483,7,0)*D10*1.05,10),"-") -> - | K10: =if(G10="in house",D10*4,+if(G10="bottle label",D10*4,+if(or(G10="bottle"),G10*4,0))) -> 0 | L10: =if(G10="box label",D10,+IF(or(G10="in house"),D10,+if(or(G10="special"),D10,0))) -> 0 | M10: =iferror(vlookup(C10,Source!$A$10:$O$1488,14,0),"-") -> - | N10: =iferror(vlookup(C10,Source!$A$10:$O$1488,15,0),"-") -> - | O10: =iferror(vlookup(C10,Source!$A$10:$O$1488,5,0),0) -> 0 | P10: =if(O10>1,O10/7.67,"-") -> - | Q10: =if(O10>0,D10/O10*7.67,0) -> 0 | U10: =SUM(0.5,Q10)+SUM(U9) -> 13.305679 | V10: =IFERROR(VLOOKUP(E10,WIP!$A$1:$S$1478,6,0),"-") -> - | W10: =IFERROR(VLOOKUP(E10,WIP!$A$1:$M$1478,12,0),"-") -> - | X10: =IFERROR(VLOOKUP(E10,WIP!$A$1:$M$1478,13,0),"-") -> - | Y10: =E10 -> - | Z10: =IFERROR(VLOOKUP(E10,WIP!$A$1:$K$1478,2,0),"-") -> - | AA10: =IFERROR(VLOOKUP(C10,Pack!$A$5:$G$1997,3,FALSE),"-") -> - | AB10: =IFERROR(VLOOKUP(E10,WIP!$A$1:$K$1478,11,0),"-") -> - | AC10: =IFERROR(VLOOKUP(E10,WIP!$A$1:$K$1478,7,0),"-") -> - | AD10: =IF(U10<13,J10,0) -> 0 | AE10: =IFERROR(AD10/AB10,"-") -> - | AG10: =IF(U10>13,J10,0) -> - | AH10: =IFERROR(AG10/AB10,0) -> 0
A11: E | B11: =iferror(vlookup(C11,Source!$A$10:$O$1488,3,0),"-") -> - | E11: =iferror(vlookup(C11,Source!$A$10:$O$1488,2,0),"-") -> - | F11: =iferror(vlookup(C11,Source!$A$10:$O$1488,12,0),"-") -> - | G11: =IF(H11="B","BOX LABEL",+IF(AND(H11="I"),"IN HOUSE",+IF(AND(H11="S"),"SPECIAL",+IF(AND(H11="BP"),"BUG FREE",+IF(AND(H11="A"),"Pre Labeled","-"))))) -> - | H11: =iferror(vlookup(C11,Source!$A$10:$O$1488,11,0),"-") -> - | I11: =iferror(vlookup(C11,Source!$A$10:$O$1488,7,0),"-") -> - | J11: =IFERROR(_xlfn.FLOOR.MATH(VLOOKUP(C11, Conversion!$A$1:$G$1483,7,0)*D11*1.05,10),"-") -> - | K11: =if(G11="in house",D11*4,+if(G11="bottle label",D11*4,+if(or(G11="bottle"),G11*4,0))) -> 0 | L11: =if(G11="box label",D11,+IF(or(G11="in house"),D11,+if(or(G11="special"),D11,0))) -> 0 | M11: =iferror(vlookup(C11,Source!$A$10:$O$1488,14,0),"-") -> - | N11: =iferror(vlookup(C11,Source!$A$10:$O$1488,15,0),"-") -> - | O11: =iferror(vlookup(C11,Source!$A$10:$O$1488,5,0),0) -> 0 | P11: =if(O11>1,O11/7.67,"-") -> - | Q11: =if(O11>0,D11/O11*7.67,0) -> 0 | U11: =SUM(0.5,Q11)+SUM(U10) -> 13.805679 | V11: =IFERROR(VLOOKUP(E11,WIP!$A$1:$S$1478,6,0),"-") -> - | W11: =IFERROR(VLOOKUP(E11,WIP!$A$1:$M$1478,12,0),"-") -> - | X11: =IFERROR(VLOOKUP(E11,WIP!$A$1:$M$1478,13,0),"-") -> - | Y11: =E11 -> - | Z11: =IFERROR(VLOOKUP(E11,WIP!$A$1:$K$1478,2,0),"-") -> - | AA11: =IFERROR(VLOOKUP(C11,Pack!$A$5:$G$1997,3,FALSE),"-") -> - | AB11: =IFERROR(VLOOKUP(E11,WIP!$A$1:$K$1478,11,0),"-") -> - | AC11: =IFERROR(VLOOKUP(E11,WIP!$A$1:$K$1478,7,0),"-") -> - | AD11: =IF(U11<13,J11,0) -> 0 | AE11: =IFERROR(AD11/AB11,"-") -> - | AG11: =IF(U11>13,J11,0) -> - | AH11: =IFERROR(AG11/AB11,0) -> 0
E12: =iferror(vlookup(C12,Source!$A$10:$O$1488,2,0),"-") -> - | F12: =iferror(vlookup(C12,Source!$A$10:$O$1488,12,0),"-") -> - | G12: =IF(H12="B","BOX LABEL",+IF(AND(H12="I"),"IN HOUSE",+IF(AND(H12="S"),"SPECIAL",+IF(AND(H12="BP"),"BUG FREE",+IF(AND(H12="A"),"Pre Labeled","-"))))) -> - | H12: =iferror(vlookup(C12,Source!$A$10:$O$1488,11,0),"-") -> - | I12: =iferror(vlookup(C12,Source!$A$10:$O$1488,7,0),"-") -> - | J12: =IFERROR(_xlfn.FLOOR.MATH(VLOOKUP(C12, Conversion!$A$1:$G$1483,7,0)*D12*1.05,10),"-") -> - | K12: =if(G12="in house",D12*4,+if(G12="bottle label",D12*4,+if(or(G12="bottle"),G12*4,0))) -> 0 | L12: =if(G12="box label",D12,+IF(or(G12="in house"),D12,+if(or(G12="special"),D12,0))) -> 0 | M12: =iferror(vlookup(C12,Source!$A$10:$O$1488,14,0),"-") -> - | N12: =iferror(vlookup(C12,Source!$A$10:$O$1488,15,0),"-") -> - | O12: =iferror(vlookup(C12,Source!$A$10:$O$1488,5,0),0) -> 0 | P12: =if(O12>1,O12/7.67,"-") -> - | Q12: =if(O12>0,D12/O12*7.67,0) -> 0 | U12: =SUM(0.5,Q12)+SUM(U11) -> 14.305679 | V12: =IFERROR(VLOOKUP(E12,WIP!$A$1:$S$1478,6,0),"-") -> - | W12: =IFERROR(VLOOKUP(E12,WIP!$A$1:$M$1478,12,0),"-") -> - | X12: =IFERROR(VLOOKUP(E12,WIP!$A$1:$M$1478,13,0),"-") -> - | Y12: =E12 -> - | Z12: =IFERROR(VLOOKUP(E12,WIP!$A$1:$K$1478,2,0),"-") -> - | AA12: =IFERROR(VLOOKUP(C12,Pack!$A$5:$G$1997,3,FALSE),"-") -> - | AB12: =IFERROR(VLOOKUP(E12,WIP!$A$1:$K$1478,11,0),"-") -> - | AC12: =IFERROR(VLOOKUP(E12,WIP!$A$1:$K$1478,7,0),"-") -> - | AD12: =IF(U12<13,J12,0) -> 0 | AE12: =IFERROR(AD12/AB12,"-") -> - | AG12: =IF(U12>13,J12,0) -> - | AH12: =IFERROR(AG12/AB12,0) -> 0
U13: =SUM(0.5,Q13)+SUM(U12) -> 14.805679 | V13: =IFERROR(VLOOKUP(E13,WIP!$A$1:$S$1478,6,0),"-") -> - | W13: =IFERROR(VLOOKUP(E13,WIP!$A$1:$M$1478,12,0),"-") -> - | X13: =IFERROR(VLOOKUP(E13,WIP!$A$1:$M$1478,13,0),"-") -> - | Y13: =E13 | Z13: =IFERROR(VLOOKUP(E13,WIP!$A$1:$K$1478,2,0),"-") -> - | AA13: =IFERROR(VLOOKUP(C13,Pack!$A$5:$G$1997,3,FALSE),"-") -> - | AB13: =IFERROR(VLOOKUP(E13,WIP!$A$1:$K$1478,11,0),"-") -> - | AC13: =IFERROR(VLOOKUP(E13,WIP!$A$1:$K$1478,7,0),"-") -> - | AD13: =IF(U13<13,J13,0) -> 0 | AE13: =IFERROR(AD13/AB13,"-") -> - | AG13: =IF(U13>13,J13,0) | AH13: =IFERROR(AG13/AB13,0) -> 0
O14: TOTAL HOURS: | Q14: =SUM(Q7:Q12) -> 6.8056788 | V14: =IFERROR(VLOOKUP(E14,WIP!$A$1:$S$1478,6,0),"-") -> - | W14: =IFERROR(VLOOKUP(E14,WIP!$A$1:$M$1478,12,0),"-") -> - | X14: =IFERROR(VLOOKUP(E14,WIP!$A$1:$M$1478,13,0),"-") -> - | Y14: =E14 | Z14: =IFERROR(VLOOKUP(E14,WIP!$A$1:$K$1478,2,0),"-") -> - | AA14: =IFERROR(VLOOKUP(C14,Pack!$A$5:$G$1997,3,FALSE),"-") -> - | AB14: =IFERROR(VLOOKUP(E14,WIP!$A$1:$K$1478,11,0),"-") -> - | AC14: =IFERROR(VLOOKUP(E14,WIP!$A$1:$K$1478,7,0),"-") -> - | AD14: =IF(U14<13,J14,0) | AE14: =IFERROR(AD14/AB14,"-") -> - | AG14: =IF(U14>13,J14,0) -> 0 | AH14: =IFERROR(AG14/AB14,0) -> 0
O15: IDLE HOURS | Q15: =24-Q14 -> 17.194321 | V15: =IFERROR(VLOOKUP(E15,WIP!$A$1:$S$1478,6,0),"-") -> - | W15: =IFERROR(VLOOKUP(E15,WIP!$A$1:$M$1478,12,0),"-") -> - | X15: =IFERROR(VLOOKUP(E15,WIP!$A$1:$M$1478,13,0),"-") -> - | Y15: =E15 | Z15: =IFERROR(VLOOKUP(E15,WIP!$A$1:$K$1478,2,0),"-") -> - | AA15: =IFERROR(VLOOKUP(C15,Pack!$A$5:$G$1997,3,FALSE),"-") -> - | AB15: =IFERROR(VLOOKUP(E15,WIP!$A$1:$K$1478,11,0),"-") -> - | AC15: =IFERROR(VLOOKUP(E15,WIP!$A$1:$K$1478,7,0),"-") -> - | AD15: =IF(U15<13,J15,0) | AE15: =IFERROR(AD15/AB15,"-") -> - | AG15: =IF(U15>13,J15,0) -> 0 | AH15: =IFERROR(AG15/AB15,0) -> 0
B16: Line #6 | V16: =IFERROR(VLOOKUP(E16,WIP!$A$1:$S$1478,6,0),"-") -> - | W16: =IFERROR(VLOOKUP(E16,WIP!$A$1:$M$1478,12,0),"-") -> - | X16: =IFERROR(VLOOKUP(E16,WIP!$A$1:$M$1478,13,0),"-") -> - | Y16: =E16 | Z16: =IFERROR(VLOOKUP(E16,WIP!$A$1:$K$1478,2,0),"-") -> - | AA16: =IFERROR(VLOOKUP(C16,Pack!$A$5:$G$1997,3,FALSE),"-") -> - | AB16: =IFERROR(VLOOKUP(E16,WIP!$A$1:$K$1478,11,0),"-") -> - | AC16: =IFERROR(VLOOKUP(E16,WIP!$A$1:$K$1478,7,0),"-") -> - | AD16: =IF(U16<13,J16,0) | AE16: =IFERROR(AD16/AB16,"-") -> - | AG16: =IF(U16>13,J16,0) -> 0 | AH16: =IFERROR(AG16/AB16,0) -> 0
A17: A | B17: =iferror(vlookup(C17,Source!$A$10:$O$1488,3,0),"-") -> - | E17: =iferror(vlookup(C17,Source!$A$10:$O$1488,2,0),"-") -> - | F17: =iferror(vlookup(C17,Source!$A$10:$O$1488,12,0),"-") -> - | G17: =IF(H17="B","BOX LABEL",+IF(AND(H17="I"),"IN HOUSE",+IF(AND(H17="S"),"SPECIAL",+IF(AND(H17="BP"),"BUG FREE",+IF(AND(H17="A"),"Pre Labeled","-"))))) -> - | H17: =iferror(vlookup(C17,Source!$A$10:$O$1488,11,0),"-") -> - | I17: =iferror(vlookup(C17,Source!$A$10:$O$1488,7,0),"-") -> - | J17: =IFERROR(_xlfn.FLOOR.MATH(VLOOKUP(C17, Conversion!$A$1:$G$1483,7,0)*D17*1.05,10),"-") -> - | K17: =if(G17="in house",D17*4,+if(G17="bottle label",D17*4,+if(or(G17="bottle"),G17*4,0))) -> 0 | L17: =if(G17="box label",D17,+IF(or(G17="in house"),D17,+if(or(G17="special"),D17,0))) -> 0 | M17: =iferror(vlookup(C17,Source!$A$10:$O$1488,14,0),"-") -> - | N17: =iferror(vlookup(C17,Source!$A$10:$O$1488,15,0),"-") -> - | O17: =iferror(vlookup(C17,Source!$A$10:$O$1488,5,0),0) -> 0 | P17: =if(O17>1,O17/6.5,"-") -> - | Q17: =if(O17>0,D17/O17*6.5,0) -> 0 | U17: =IF(Q17=0,14,SUM(5)+SUM(Q17)) -> 14 | V17: =IFERROR(VLOOKUP(E17,WIP!$A$1:$S$1478,6,0),"-") -> - | W17: =IFERROR(VLOOKUP(E17,WIP!$A$1:$M$1478,12,0),"-") -> - | X17: =IFERROR(VLOOKUP(E17,WIP!$A$1:$M$1478,13,0),"-") -> - | Y17: =E17 -> - | Z17: =IFERROR(VLOOKUP(E17,WIP!$A$1:$K$1478,2,0),"-") -> - | AA17: =IFERROR(VLOOKUP(C17,Pack!$A$5:$G$1997,3,FALSE),"-") -> - | AB17: =IFERROR(VLOOKUP(E17,WIP!$A$1:$K$1478,11,0),"-") -> - | AC17: =IFERROR(VLOOKUP(E17,WIP!$A$1:$K$1478,7,0),"-") -> - | AD17: =IF(U17<13,J17,0) -> 0 | AE17: =IFERROR(AD17/AB17,"-") -> - | AG17: =IF(U17>13,J17,0) -> - | AH17: =IFERROR(AG17/AB17,0) -> 0
A18: B | B18: =iferror(vlookup(C18,Source!$A$10:$O$1488,3,0),"-") -> SAFER C. #551 FOAMIN;4/1GL CS | C18: 184404 | D18: 96 | E18: =iferror(vlookup(C18,Source!$A$10:$O$1488,2,0),"-") -> 184401 | F18: =iferror(vlookup(C18,Source!$A$10:$O$1488,12,0),"-") -> MTX | G18: =IF(H18="B","BOX LABEL",+IF(AND(H18="I"),"IN HOUSE",+IF(AND(H18="S"),"SPECIAL",+IF(AND(H18="BP"),"BUG FREE",+IF(AND(H18="A"),"Pre Labeled","-"))))) -> BOX LABEL | H18: =iferror(vlookup(C18,Source!$A$10:$O$1488,11,0),"-") -> B | I18: =iferror(vlookup(C18,Source!$A$10:$O$1488,7,0),"-") -> 0 | J18: =IFERROR(_xlfn.FLOOR.MATH(VLOOKUP(C18, Conversion!$A$1:$G$1483,7,0)*D18*1.05,10),"-") -> 400 | K18: =if(G18="in house",D18*4,+if(G18="bottle label",D18*4,+if(or(G18="bottle"),G18*4,0))) -> 0 | L18: =if(G18="box label",D18,+IF(or(G18="in house"),D18,+if(or(G18="special"),D18,0))) -> 96 | M18: =iferror(vlookup(C18,Source!$A$10:$O$1488,14,0),"-") -> 712310 | N18: =iferror(vlookup(C18,Source!$A$10:$O$1488,15,0),"-") | O18: =iferror(vlookup(C18,Source!$A$10:$O$1488,5,0),0) -> 1352.4 | P18: =if(O18>1,O18/6.5,"-") -> 208.06154 | Q18: =if(O18>0,D18/O18*6.5,0) -> 0.46140195 | U18: =SUM(0.5,Q18)+SUM(U17) -> 14.961402 | V18: =IFERROR(VLOOKUP(E18,WIP!$A$1:$S$1478,6,0),"-") -> Liq Hnd Soap | W18: =IFERROR(VLOOKUP(E18,WIP!$A$1:$M$1478,12,0),"-") -> Green | X18: =IFERROR(VLOOKUP(E18,WIP!$A$1:$M$1478,13,0),"-") -> Floral | Y18: =E18 -> 184401 | Z18: =IFERROR(VLOOKUP(E18,WIP!$A$1:$K$1478,2,0),"-") -> SAFER C. #551 FOAMING BULK | AA18: =IFERROR(VLOOKUP(C18,Pack!$A$5:$G$1997,3,FALSE),"-") -> 9919 | AB18: =IFERROR(VLOOKUP(E18,WIP!$A$1:$K$1478,11,0),"-") -> 125.21739 | AC18: =IFERROR(VLOOKUP(E18,WIP!$A$1:$K$1478,7,0),"-") -> - | AD18: =IF(U18<13,J18,0) -> 0 | AE18: =IFERROR(AD18/AB18,"-") -> 0 | AG18: =IF(U18>13,J18,0) -> 400 | AH18: =IFERROR(AG18/AB18,0) -> 3.1944444
A19: C | B19: =iferror(vlookup(C19,Source!$A$10:$O$1488,3,0),"-") -> GLIMMER ALL PURP.CLN;4/1 GAL | C19: 121404 | D19: 96 | E19: =iferror(vlookup(C19,Source!$A$10:$O$1488,2,0),"-") -> 121401 | F19: =iferror(vlookup(C19,Source!$A$10:$O$1488,12,0),"-") -> MTX | G19: =IF(H19="B","BOX LABEL",+IF(AND(H19="I"),"IN HOUSE",+IF(AND(H19="S"),"SPECIAL",+IF(AND(H19="BP"),"BUG FREE",+IF(AND(H19="A"),"Pre Labeled","-"))))) -> BOX LABEL | H19: =iferror(vlookup(C19,Source!$A$10:$O$1488,11,0),"-") -> B | I19: =iferror(vlookup(C19,Source!$A$10:$O$1488,7,0),"-") -> 0 | J19: =IFERROR(_xlfn.FLOOR.MATH(VLOOKUP(C19, Conversion!$A$1:$G$1483,7,0)*D19*1.05,10),"-") -> 400 | K19: =if(G19="in house",D19*4,+if(G19="bottle label",D19*4,+if(or(G19="bottle"),G19*4,0))) -> 0 | L19: =if(G19="box label",D19,+IF(or(G19="in house"),D19,+if(or(G19="special"),D19,0))) -> 96 | M19: =iferror(vlookup(C19,Source!$A$10:$O$1488,14,0),"-") -> 712402 | N19: =iferror(vlookup(C19,Source!$A$10:$O$1488,15,0),"-") | O19: =iferror(vlookup(C19,Source!$A$10:$O$1488,5,0),0) -> 1352.4 | P19: =if(O19>1,O19/6.5,"-") -> 208.06154 | Q19: =if(O19>0,D19/O19*6.5,0) -> 0.46140195 | U19: =SUM(0.5,Q19)+SUM(U18) -> 15.922804 | V19: =IFERROR(VLOOKUP(E19,WIP!$A$1:$S$1478,6,0),"-") -> G.P. Cleaner | W19: =IFERROR(VLOOKUP(E19,WIP!$A$1:$M$1478,12,0),"-") -> Purple | X19: =IFERROR(VLOOKUP(E19,WIP!$A$1:$M$1478,13,0),"-") -> Lavender | Y19: =E19 -> 121401 | Z19: =IFERROR(VLOOKUP(E19,WIP!$A$1:$K$1478,2,0),"-") -> GLIMMER | AA19: =IFERROR(VLOOKUP(C19,Pack!$A$5:$G$1997,3,FALSE),"-") -> 9919 | AB19: =IFERROR(VLOOKUP(E19,WIP!$A$1:$K$1478,11,0),"-") -> 442.22222 | AC19: =IFERROR(VLOOKUP(E19,WIP!$A$1:$K$1478,7,0),"-") -> - | AD19: =IF(U19<13,J19,0) -> 0 | AE19: =IFERROR(AD19/AB19,"-") -> 0 | AG19: =IF(U19>13,J19,0) -> 400 | AH19: =IFERROR(AG19/AB19,0) -> 0.90452261
A20: D | B20: =iferror(vlookup(C20,Source!$A$10:$O$1488,3,0),"-") -> - | E20: =iferror(vlookup(C20,Source!$A$10:$O$1488,2,0),"-") -> - | F20: =iferror(vlookup(C20,Source!$A$10:$O$1488,12,0),"-") -> - | G20: =IF(H20="B","BOX LABEL",+IF(AND(H20="I"),"IN HOUSE",+IF(AND(H20="S"),"SPECIAL",+IF(AND(H20="BP"),"BUG FREE",+IF(AND(H20="A"),"Pre Labeled","-"))))) -> - | H20: =iferror(vlookup(C20,Source!$A$10:$O$1488,11,0),"-") -> - | I20: =iferror(vlookup(C20,Source!$A$10:$O$1488,7,0),"-") -> - | J20: =IFERROR(_xlfn.FLOOR.MATH(VLOOKUP(C20, Conversion!$A$1:$G$1483,7,0)*D20*1.05,10),"-") -> - | K20: =if(G20="in house",D20*4,+if(G20="bottle label",D20*4,+if(or(G20="bottle"),G20*4,0))) -> 0 | L20: =if(G20="box label",D20,+IF(or(G20="in house"),D20,+if(or(G20="special"),D20,0))) -> 0 | M20: =iferror(vlookup(C20,Source!$A$10:$O$1488,14,0),"-") -> - | N20: =iferror(vlookup(C20,Source!$A$10:$O$1488,15,0),"-") -> - | O20: =iferror(vlookup(C20,Source!$A$10:$O$1488,5,0),0) -> 0 | P20: =if(O20>1,O20/6.5,"-") -> - | Q20: =if(O20>0,D20/O20*6.5,0) -> 0 | U20: =SUM(0.5,Q20)+SUM(U19) -> 16.422804 | V20: =IFERROR(VLOOKUP(E20,WIP!$A$1:$S$1478,6,0),"-") -> - | W20: =IFERROR(VLOOKUP(E20,WIP!$A$1:$M$1478,12,0),"-") -> - | X20: =IFERROR(VLOOKUP(E20,WIP!$A$1:$M$1478,13,0),"-") -> - | Y20: =E20 -> - | Z20: =IFERROR(VLOOKUP(E20,WIP!$A$1:$K$1478,2,0),"-") -> - | AA20: =IFERROR(VLOOKUP(C20,Pack!$A$5:$G$1997,3,FALSE),"-") -> - | AB20: =IFERROR(VLOOKUP(E20,WIP!$A$1:$K$1478,11,0),"-") -> - | AC20: =IFERROR(VLOOKUP(E20,WIP!$A$1:$K$1478,7,0),"-") -> - | AD20: =IF(U20<13,J20,0) -> 0 | AE20: =IFERROR(AD20/AB20,"-") -> - | AG20: =IF(U20>13,J20,0) -> - | AH20: =IFERROR(AG20/AB20,0) -> 0
A21: E | B21: =iferror(vlookup(C21,Source!$A$10:$O$1488,3,0),"-") -> - | E21: =iferror(vlookup(C21,Source!$A$10:$O$1488,2,0),"-") -> - | F21: =iferror(vlookup(C21,Source!$A$10:$O$1488,12,0),"-") -> - | G21: =IF(H21="B","BOX LABEL",+IF(AND(H21="I"),"IN HOUSE",+IF(AND(H21="S"),"SPECIAL",+IF(AND(H21="BP"),"BUG FREE",+IF(AND(H21="A"),"Pre Labeled","-"))))) -> - | H21: =iferror(vlookup(C21,Source!$A$10:$O$1488,11,0),"-") -> - | I21: =iferror(vlookup(C21,Source!$A$10:$O$1488,7,0),"-") -> - | J21: =IFERROR(_xlfn.FLOOR.MATH(VLOOKUP(C21, Conversion!$A$1:$G$1483,7,0)*D21*1.05,10),"-") -> - | K21: =if(G21="in house",D21*4,+if(G21="bottle label",D21*4,+if(or(G21="bottle"),G21*4,0))) -> 0 | L21: =if(G21="box label",D21,+IF(or(G21="in house"),D21,+if(or(G21="special"),D21,0))) -> 0 | M21: =iferror(vlookup(C21,Source!$A$10:$O$1488,14,0),"-") -> - | N21: =iferror(vlookup(C21,Source!$A$10:$O$1488,15,0),"-") -> - | O21: =iferror(vlookup(C21,Source!$A$10:$O$1488,5,0),0) -> 0 | P21: =if(O21>1,O21/6.5,"-") -> - | Q21: =if(O21>0,D21/O21*6.5,0) -> 0 | U21: =SUM(0.5,Q21)+SUM(U20) -> 16.922804 | V21: =IFERROR(VLOOKUP(E21,WIP!$A$1:$S$1478,6,0),"-") -> - | W21: =IFERROR(VLOOKUP(E21,WIP!$A$1:$M$1478,12,0),"-") -> - | X21: =IFERROR(VLOOKUP(E21,WIP!$A$1:$M$1478,13,0),"-") -> - | Y21: =E21 -> - | Z21: =IFERROR(VLOOKUP(E21,WIP!$A$1:$K$1478,2,0),"-") -> - | AA21: =IFERROR(VLOOKUP(C21,Pack!$A$5:$G$1997,3,FALSE),"-") -> - | AB21: =IFERROR(VLOOKUP(E21,WIP!$A$1:$K$1478,11,0),"-") -> - | AC21: =IFERROR(VLOOKUP(E21,WIP!$A$1:$K$1478,7,0),"-") -> - | AD21: =IF(U21<13,J21,0) -> 0 | AE21: =IFERROR(AD21/AB21,"-") -> - | AG21: =IF(U21>13,J21,0) -> - | AH21: =IFERROR(AG21/AB21,0) -> 0
U22: =SUM(0.5,Q22)+SUM(U21) -> 17.422804 | V22: =IFERROR(VLOOKUP(E22,WIP!$A$1:$S$1478,6,0),"-") -> - | W22: =IFERROR(VLOOKUP(E22,WIP!$A$1:$M$1478,12,0),"-") -> - | X22: =IFERROR(VLOOKUP(E22,WIP!$A$1:$M$1478,13,0),"-") -> - | Y22: =E22 | Z22: =IFERROR(VLOOKUP(E22,WIP!$A$1:$K$1478,2,0),"-") -> - | AA22: =IFERROR(VLOOKUP(C22,Pack!$A$5:$G$1997,3,FALSE),"-") -> - | AB22: =IFERROR(VLOOKUP(E22,WIP!$A$1:$K$1478,11,0),"-") -> - | AC22: =IFERROR(VLOOKUP(E22,WIP!$A$1:$K$1478,7,0),"-") -> - | AD22: =IF(U22<13,J22,0) -> 0 | AE22: =IFERROR(AD22/AB22,"-") -> - | AG22: =IF(U22>13,J22,0) | AH22: =IFERROR(AG22/AB22,0) -> 0
J23: gl | O23: TOTAL HOURS: | Q23: =SUM(Q17:Q21) -> 0.9228039 | U23: =SUM(0.5,Q23)+SUM(U22) -> 18.845608 | V23: =IFERROR(VLOOKUP(E23,WIP!$A$1:$S$1478,6,0),"-") -> - | W23: =IFERROR(VLOOKUP(E23,WIP!$A$1:$M$1478,12,0),"-") -> - | X23: =IFERROR(VLOOKUP(E23,WIP!$A$1:$M$1478,13,0),"-") -> - | Y23: =E23 | Z23: =IFERROR(VLOOKUP(E23,WIP!$A$1:$K$1478,2,0),"-") -> - | AA23: =IFERROR(VLOOKUP(C23,Pack!$A$5:$G$1997,3,FALSE),"-") -> - | AB23: =IFERROR(VLOOKUP(E23,WIP!$A$1:$K$1478,11,0),"-") -> - | AC23: =IFERROR(VLOOKUP(E23,WIP!$A$1:$K$1478,7,0),"-") -> - | AE23: =IFERROR(AD23/AB23,"-") -> - | AG23: =IF(U23>13,J23,0) -> gl | AH23: =IFERROR(AG23/AB23,0) -> 0
O24: IDLE HOURS | Q24: =24-Q23 -> 23.077196 | V24: =IFERROR(VLOOKUP(E24,WIP!$A$1:$S$1478,6,0),"-") -> - | W24: =IFERROR(VLOOKUP(E24,WIP!$A$1:$M$1478,12,0),"-") -> - | X24: =IFERROR(VLOOKUP(E24,WIP!$A$1:$M$1478,13,0),"-") -> - | Y24: =E24 | Z24: =IFERROR(VLOOKUP(E24,WIP!$A$1:$K$1478,2,0),"-") -> - | AA24: =IFERROR(VLOOKUP(C24,Pack!$A$5:$G$1997,3,FALSE),"-") -> - | AB24: =IFERROR(VLOOKUP(E24,WIP!$A$1:$K$1478,11,0),"-") -> - | AC24: =IFERROR(VLOOKUP(E24,WIP!$A$1:$K$1478,7,0),"-") -> - | AD24: =IF(U24<13,J24,0) | AE24: =IFERROR(AD24/AB24,"-") -> - | AG24: =IF(U24>13,J24,0) -> 0 | AH24: =IFERROR(AG24/AB24,0) -> 0
B25: Line #2 | U25: =IF(Q25=0,14,SUM(5)+SUM(Q25)) -> 14 | V25: =IFERROR(VLOOKUP(E25,WIP!$A$1:$S$1478,6,0),"-") -> - | W25: =IFERROR(VLOOKUP(E25,WIP!$A$1:$M$1478,12,0),"-") -> - | X25: =IFERROR(VLOOKUP(E25,WIP!$A$1:$M$1478,13,0),"-") -> - | Y25: =E25 | Z25: =IFERROR(VLOOKUP(E25,WIP!$A$1:$K$1478,2,0),"-") -> - | AA25: =IFERROR(VLOOKUP(C25,Pack!$A$5:$G$1997,3,FALSE),"-") -> - | AB25: =IFERROR(VLOOKUP(E25,WIP!$A$1:$K$1478,11,0),"-") -> - | AC25: =IFERROR(VLOOKUP(E25,WIP!$A$1:$K$1478,7,0),"-") -> - | AD25: =IF(U25<13,J25,0) -> 0 | AE25: =IFERROR(AD25/AB25,"-") -> - | AG25: =IF(U25>13,J25,0) | AH25: =IFERROR(AG25/AB25,0) -> 0
A26: A | B26: =iferror(vlookup(C26,Source!$A$10:$O$1488,3,0),"-") -> - | E26: =iferror(vlookup(C26,Source!$A$10:$O$1488,2,0),"-") -> - | F26: =iferror(vlookup(C26,Source!$A$10:$O$1488,12,0),"-") -> - | G26: =IF(H26="B","BOX LABEL",+IF(AND(H26="I"),"IN HOUSE",+IF(AND(H26="S"),"SPECIAL",+IF(AND(H26="BP"),"BUG FREE",+IF(AND(H26="A"),"Pre Labeled","-"))))) -> - | H26: =iferror(vlookup(C26,Source!$A$10:$O$1488,11,0),"-") -> - | I26: =iferror(vlookup(C26,Source!$A$10:$O$1488,7,0),"-") -> - | J26: =IFERROR(_xlfn.FLOOR.MATH(VLOOKUP(C26, Conversion!$A$1:$G$1483,7,0)*D26*1.05,10),"-") -> - | K26: =if(G26="in house",D26*4,+if(G26="bottle label",D26*4,+if(or(G26="bottle"),G26*4,0))) -> 0 | L26: =if(G26="box label",D26,+IF(or(G26="in house"),D26,+if(or(G26="special"),D26,0))) -> 0 | M26: =iferror(vlookup(C26,Source!$A$10:$O$1488,14,0),"-") -> - | N26: =iferror(vlookup(C26,Source!$A$10:$O$1488,15,0),"-") -> - | O26: =iferror(vlookup(C26,Source!$A$10:$O$1488,5,0),0) -> 0 | P26: =if(O26>1,O26/6.5,"-") -> - | Q26: =if(O26>0,D26/O26*6.5,0) -> 0 | U26: =SUM(0.5,Q26)+SUM(U25) -> 14.5 | V26: =IFERROR(VLOOKUP(E26,WIP!$A$1:$S$1478,6,0),"-") -> - | W26: =IFERROR(VLOOKUP(E26,WIP!$A$1:$M$1478,12,0),"-") -> - | X26: =IFERROR(VLOOKUP(E26,WIP!$A$1:$M$1478,13,0),"-") -> - | Y26: =E26 -> - | Z26: =IFERROR(VLOOKUP(E26,WIP!$A$1:$K$1478,2,0),"-") -> - | AA26: =IFERROR(VLOOKUP(C26,Pack!$A$5:$G$1997,3,FALSE),"-") -> - | AB26: =IFERROR(VLOOKUP(E26,WIP!$A$1:$K$1478,11,0),"-") -> - | AC26: =IFERROR(VLOOKUP(E26,WIP!$A$1:$K$1478,7,0),"-") -> - | AD26: =IF(U26<13,J26,0) -> 0 | AE26: =IFERROR(AD26/AB26,"-") -> - | AG26: =IF(U26>13,J26,0) -> - | AH26: =IFERROR(AG26/AB26,0) -> 0
A27: B | B27: =iferror(vlookup(C27,Source!$A$10:$O$1488,3,0),"-") -> - | E27: =iferror(vlookup(C27,Source!$A$10:$O$1488,2,0),"-") -> - | F27: =iferror(vlookup(C27,Source!$A$10:$O$1488,12,0),"-") -> - | G27: =IF(H27="B","BOX LABEL",+IF(AND(H27="I"),"IN HOUSE",+IF(AND(H27="S"),"SPECIAL",+IF(AND(H27="BP"),"BUG FREE",+IF(AND(H27="A"),"Pre Labeled","-"))))) -> - | H27: =iferror(vlookup(C27,Source!$A$10:$O$1488,11,0),"-") -> - | I27: =iferror(vlookup(C27,Source!$A$10:$O$1488,7,0),"-") -> - | J27: =IFERROR(_xlfn.FLOOR.MATH(VLOOKUP(C27, Conversion!$A$1:$G$1483,7,0)*D27*1.05,10),"-") -> - | K27: =if(G27="in house",D27*4,+if(G27="bottle label",D27*4,+if(or(G27="bottle"),G27*4,0))) -> 0 | L27: =if(G27="box label",D27,+IF(or(G27="in house"),D27,+if(or(G27="special"),D27,0))) -> 0 | M27: =iferror(vlookup(C27,Source!$A$10:$O$1488,14,0),"-") -> - | N27: =iferror(vlookup(C27,Source!$A$10:$O$1488,15,0),"-") -> - | O27: =iferror(vlookup(C27,Source!$A$10:$O$1488,5,0),0) -> 0 | P27: =if(O27>1,O27/6.5,"-") -> - | Q27: =if(O27>0,D27/O27*6.5,0) -> 0 | U27: =SUM(0.5,Q27)+SUM(U26) -> 15 | V27: =IFERROR(VLOOKUP(E27,WIP!$A$1:$S$1478,6,0),"-") -> - | W27: =IFERROR(VLOOKUP(E27,WIP!$A$1:$M$1478,12,0),"-") -> - | X27: =IFERROR(VLOOKUP(E27,WIP!$A$1:$M$1478,13,0),"-") -> - | Y27: =E27 -> - | Z27: =IFERROR(VLOOKUP(E27,WIP!$A$1:$K$1478,2,0),"-") -> - | AA27: =IFERROR(VLOOKUP(C27,Pack!$A$5:$G$1997,3,FALSE),"-") -> - | AB27: =IFERROR(VLOOKUP(E27,WIP!$A$1:$K$1478,11,0),"-") -> - | AC27: =IFERROR(VLOOKUP(E27,WIP!$A$1:$K$1478,7,0),"-") -> - | AD27: =IF(U27<13,J27,0) -> 0 | AE27: =IFERROR(AD27/AB27,"-") -> - | AG27: =IF(U27>13,J27,0) -> - | AH27: =IFERROR(AG27/AB27,0) -> 0
A28: C | B28: =iferror(vlookup(C28,Source!$A$10:$O$1488,3,0),"-") -> - | E28: =iferror(vlookup(C28,Source!$A$10:$O$1488,2,0),"-") -> - | F28: =iferror(vlookup(C28,Source!$A$10:$O$1488,12,0),"-") -> - | G28: =IF(H28="B","BOX LABEL",+IF(AND(H28="I"),"IN HOUSE",+IF(AND(H28="S"),"SPECIAL",+IF(AND(H28="BP"),"BUG FREE",+IF(AND(H28="A"),"Pre Labeled","-"))))) -> - | H28: =iferror(vlookup(C28,Source!$A$10:$O$1488,11,0),"-") -> - | I28: =iferror(vlookup(C28,Source!$A$10:$O$1488,7,0),"-") -> - | J28: =IFERROR(_xlfn.FLOOR.MATH(VLOOKUP(C28, Conversion!$A$1:$G$1483,7,0)*D28*1.05,10),"-") -> - | K28: =if(G28="in house",D28*4,+if(G28="bottle label",D28*4,+if(or(G28="bottle"),G28*4,0))) -> 0 | L28: =if(G28="box label",D28,+IF(or(G28="in house"),D28,+if(or(G28="special"),D28,0))) -> 0 | M28: =iferror(vlookup(C28,Source!$A$10:$O$1488,14,0),"-") -> - | N28: =iferror(vlookup(C28,Source!$A$10:$O$1488,15,0),"-") -> - | O28: =iferror(vlookup(C28,Source!$A$10:$O$1488,5,0),0) -> 0 | P28: =if(O28>1,O28/6.5,"-") -> - | Q28: =if(O28>0,D28/O28*6.5,0) -> 0 | U28: =SUM(0.5,Q28)+SUM(U27) -> 15.5 | V28: =IFERROR(VLOOKUP(E28,WIP!$A$1:$S$1478,6,0),"-") -> - | W28: =IFERROR(VLOOKUP(E28,WIP!$A$1:$M$1478,12,0),"-") -> - | X28: =IFERROR(VLOOKUP(E28,WIP!$A$1:$M$1478,13,0),"-") -> - | Y28: =E28 -> - | Z28: =IFERROR(VLOOKUP(E28,WIP!$A$1:$K$1478,2,0),"-") -> - | AA28: =IFERROR(VLOOKUP(C28,Pack!$A$5:$G$1997,3,FALSE),"-") -> - | AB28: =IFERROR(VLOOKUP(E28,WIP!$A$1:$K$1478,11,0),"-") -> - | AC28: =IFERROR(VLOOKUP(E28,WIP!$A$1:$K$1478,7,0),"-") -> - | AD28: =IF(U28<13,J28,0) -> 0 | AE28: =IFERROR(AD28/AB28,"-") -> - | AG28: =IF(U28>13,J28,0) -> - | AH28: =IFERROR(AG28/AB28,0) -> 0
A29: D | B29: =iferror(vlookup(C29,Source!$A$10:$O$1488,3,0),"-") -> - | E29: =iferror(vlookup(C29,Source!$A$10:$O$1488,2,0),"-") -> - | F29: =iferror(vlookup(C29,Source!$A$10:$O$1488,12,0),"-") -> - | G29: =IF(H29="B","BOX LABEL",+IF(AND(H29="I"),"IN HOUSE",+IF(AND(H29="S"),"SPECIAL",+IF(AND(H29="BP"),"BUG FREE",+IF(AND(H29="A"),"Pre Labeled","-"))))) -> - | H29: =iferror(vlookup(C29,Source!$A$10:$O$1488,11,0),"-") -> - | I29: =iferror(vlookup(C29,Source!$A$10:$O$1488,7,0),"-") -> - | J29: =IFERROR(_xlfn.FLOOR.MATH(VLOOKUP(C29, Conversion!$A$1:$G$1483,7,0)*D29*1.05,10),"-") -> - | K29: =if(G29="in house",D29*4,+if(G29="bottle label",D29*4,+if(or(G29="bottle"),G29*4,0))) -> 0 | L29: =if(G29="box label",D29,+IF(or(G29="in house"),D29,+if(or(G29="special"),D29,0))) -> 0 | M29: =iferror(vlookup(C29,Source!$A$10:$O$1488,14,0),"-") -> - | N29: =iferror(vlookup(C29,Source!$A$10:$O$1488,15,0),"-") -> - | O29: =iferror(vlookup(C29,Source!$A$10:$O$1488,5,0),0) -> 0 | P29: =if(O29>1,O29/6.5,"-") -> - | Q29: =if(O29>0,D29/O29*6.5,0) -> 0 | U29: =SUM(0.5,Q29)+SUM(U28) -> 16 | V29: =IFERROR(VLOOKUP(E29,WIP!$A$1:$S$1478,6,0),"-") -> - | W29: =IFERROR(VLOOKUP(E29,WIP!$A$1:$M$1478,12,0),"-") -> - | X29: =IFERROR(VLOOKUP(E29,WIP!$A$1:$M$1478,13,0),"-") -> - | Y29: =E29 -> - | Z29: =IFERROR(VLOOKUP(E29,WIP!$A$1:$K$1478,2,0),"-") -> - | AA29: =IFERROR(VLOOKUP(C29,Pack!$A$5:$G$1997,3,FALSE),"-") -> - | AB29: =IFERROR(VLOOKUP(E29,WIP!$A$1:$K$1478,11,0),"-") -> - | AC29: =IFERROR(VLOOKUP(E29,WIP!$A$1:$K$1478,7,0),"-") -> - | AD29: =IF(U29<13,J29,0) -> 0 | AE29: =IFERROR(AD29/AB29,"-") -> - | AG29: =IF(U29>13,J29,0) -> - | AH29: =IFERROR(AG29/AB29,0) -> 0
A30: E | B30: =iferror(vlookup(C30,Source!$A$10:$O$1488,3,0),"-") -> - | E30: =iferror(vlookup(C30,Source!$A$10:$O$1488,2,0),"-") -> - | F30: =iferror(vlookup(C30,Source!$A$10:$O$1488,12,0),"-") -> - | G30: =IF(H30="B","BOX LABEL",+IF(AND(H30="I"),"IN HOUSE",+IF(AND(H30="S"),"SPECIAL",+IF(AND(H30="BP"),"BUG FREE",+IF(AND(H30="A"),"Pre Labeled","-"))))) -> - | H30: =iferror(vlookup(C30,Source!$A$10:$O$1488,11,0),"-") -> - | I30: =iferror(vlookup(C30,Source!$A$10:$O$1488,7,0),"-") -> - | K30: =if(G30="in house",D30*4,+if(G30="bottle label",D30*4,+if(or(G30="bottle"),G30*4,0))) -> 0 | L30: =if(G30="box label",D30,+IF(or(G30="in house"),D30,+if(or(G30="special"),D30,0))) -> 0 | M30: =iferror(vlookup(C30,Source!$A$10:$O$1488,14,0),"-") -> - | N30: =iferror(vlookup(C30,Source!$A$10:$O$1488,15,0),"-") -> - | O30: =iferror(vlookup(C30,Source!$A$10:$O$1488,5,0),0) -> 0 | P30: =if(O30>1,O30/6.5,"-") -> - | Q30: =if(O30>0,D30/O30*6.5,0) -> 0 | U30: =SUM(0.5,Q30)+SUM(U29) -> 16.5 | V30: =IFERROR(VLOOKUP(E30,WIP!$A$1:$S$1478,6,0),"-") -> - | W30: =IFERROR(VLOOKUP(E30,WIP!$A$1:$M$1478,12,0),"-") -> - | X30: =IFERROR(VLOOKUP(E30,WIP!$A$1:$M$1478,13,0),"-") -> - | Y30: =E30 -> - | Z30: =IFERROR(VLOOKUP(E30,WIP!$A$1:$K$1478,2,0),"-") -> - | AA30: =IFERROR(VLOOKUP(C30,Pack!$A$5:$G$1997,3,FALSE),"-") -> - | AB30: =IFERROR(VLOOKUP(E30,WIP!$A$1:$K$1478,11,0),"-") -> - | AC30: =IFERROR(VLOOKUP(E30,WIP!$A$1:$K$1478,7,0),"-") -> - | AD30: =IF(U30<13,J30,0) -> 0 | AE30: =IFERROR(AD30/AB30,"-") -> - | AG30: =IF(U30>13,J30,0) | AH30: =IFERROR(AG30/AB30,0) -> 0
U31: =SUM(0.5,Q31)+SUM(U30) -> 17 | V31: =IFERROR(VLOOKUP(E31,WIP!$A$1:$S$1478,6,0),"-") -> - | W31: =IFERROR(VLOOKUP(E31,WIP!$A$1:$M$1478,12,0),"-") -> - | X31: =IFERROR(VLOOKUP(E31,WIP!$A$1:$M$1478,13,0),"-") -> - | Y31: =E31 | Z31: =IFERROR(VLOOKUP(E31,WIP!$A$1:$K$1478,2,0),"-") -> - | AA31: =IFERROR(VLOOKUP(C31,Pack!$A$5:$G$1997,3,FALSE),"-") -> - | AB31: =IFERROR(VLOOKUP(E31,WIP!$A$1:$K$1478,11,0),"-") -> - | AC31: =IFERROR(VLOOKUP(E31,WIP!$A$1:$K$1478,7,0),"-") -> - | AD31: =IF(U31<13,J31,0) -> 0 | AE31: =IFERROR(AD31/AB31,"-") -> - | AG31: =IF(U31>13,J31,0) | AH31: =IFERROR(AG31/AB31,0) -> 0
J32: gl | O32: TOTAL HOURS: | Q32: =SUM(Q26:Q30) -> 0 | V32: =IFERROR(VLOOKUP(E32,WIP!$A$1:$S$1478,6,0),"-") -> - | W32: =IFERROR(VLOOKUP(E32,WIP!$A$1:$M$1478,12,0),"-") -> - | X32: =IFERROR(VLOOKUP(E32,WIP!$A$1:$M$1478,13,0),"-") -> - | Y32: =E32 | Z32: =IFERROR(VLOOKUP(E32,WIP!$A$1:$K$1478,2,0),"-") -> - | AA32: =IFERROR(VLOOKUP(C32,Pack!$A$5:$G$1997,3,FALSE),"-") -> - | AB32: =IFERROR(VLOOKUP(E32,WIP!$A$1:$K$1478,11,0),"-") -> - | AC32: =IFERROR(VLOOKUP(E32,WIP!$A$1:$K$1478,7,0),"-") -> - | AE32: =IFERROR(AD32/AB32,"-") -> - | AG32: =IF(U32>13,J32,0) -> 0 | AH32: =IFERROR(AG32/AB32,0) -> 0
O33: IDLE HOURS | Q33: =24-Q32 -> 24 | V33: =IFERROR(VLOOKUP(E33,WIP!$A$1:$S$1478,6,0),"-") -> - | W33: =IFERROR(VLOOKUP(E33,WIP!$A$1:$M$1478,12,0),"-") -> - | X33: =IFERROR(VLOOKUP(E33,WIP!$A$1:$M$1478,13,0),"-") -> - | Y33: =E33 | Z33: =IFERROR(VLOOKUP(E33,WIP!$A$1:$K$1478,2,0),"-") -> - | AA33: =IFERROR(VLOOKUP(C33,Pack!$A$5:$G$1997,3,FALSE),"-") -> - | AB33: =IFERROR(VLOOKUP(E33,WIP!$A$1:$K$1478,11,0),"-") -> - | AC33: =IFERROR(VLOOKUP(E33,WIP!$A$1:$K$1478,7,0),"-") -> - | AD33: =IF(U33<13,J33,0) | AE33: =IFERROR(AD33/AB33,"-") -> - | AG33: =IF(U33>13,J33,0) -> 0 | AH33: =IFERROR(AG33/AB33,0) -> 0
B34: Line #7 | U34: =IF(Q34=0,14,SUM(5)+SUM(Q34)) -> 14 | V34: =IFERROR(VLOOKUP(E34,WIP!$A$1:$S$1478,6,0),"-") -> - | W34: =IFERROR(VLOOKUP(E34,WIP!$A$1:$M$1478,12,0),"-") -> - | X34: =IFERROR(VLOOKUP(E34,WIP!$A$1:$M$1478,13,0),"-") -> - | Y34: =E34 | Z34: =IFERROR(VLOOKUP(E34,WIP!$A$1:$K$1478,2,0),"-") -> - | AA34: =IFERROR(VLOOKUP(C34,Pack!$A$5:$G$1997,3,FALSE),"-") -> - | AB34: =IFERROR(VLOOKUP(E34,WIP!$A$1:$K$1478,11,0),"-") -> - | AC34: =IFERROR(VLOOKUP(E34,WIP!$A$1:$K$1478,7,0),"-") -> - | AD34: =IF(U34<13,J34,0) -> 0 | AE34: =IFERROR(AD34/AB34,"-") -> - | AG34: =IF(U34>13,J34,0) | AH34: =IFERROR(AG34/AB34,0) -> 0
A35: A | B35: =iferror(vlookup(C35,Source!$A$10:$O$1488,3,0),"-") -> - | E35: =iferror(vlookup(C35,Source!$A$10:$O$1488,2,0),"-") -> - | F35: =iferror(vlookup(C35,Source!$A$10:$O$1488,12,0),"-") -> - | G35: =IF(H35="B","BOX LABEL",+IF(AND(H35="I"),"IN HOUSE",+IF(AND(H35="S"),"SPECIAL",+IF(AND(H35="BP"),"BUG FREE",+IF(AND(H35="A"),"Pre Labeled","-"))))) -> - | H35: =iferror(vlookup(C35,Source!$A$10:$O$1488,11,0),"-") -> - | I35: =iferror(vlookup(C35,Source!$A$10:$O$1488,7,0),"-") -> - | J35: =IFERROR(_xlfn.FLOOR.MATH(VLOOKUP(C35, Conversion!$A$1:$G$1483,7,0)*D35*1.05,10),"-") -> - | K35: =if(G35="in house",D35*4,+if(G35="bottle label",D35*4,+if(or(G35="bottle"),G35*4,0))) -> 0 | L35: =if(G35="box label",D35,+IF(or(G35="in house"),D35,+if(or(G35="special"),D35,0))) -> 0 | M35: =iferror(vlookup(C35,Source!$A$10:$O$1488,14,0),"-") -> - | N35: =iferror(vlookup(C35,Source!$A$10:$O$1488,15,0),"-") -> - | O35: =iferror(vlookup(C35,Source!$A$10:$O$1488,5,0),0) -> 0 | P35: =if(O35>1,O35/6.5,"-") -> - | Q35: =if(O35>0,D35/O35*6.5,0) -> 0 | U35: =SUM(0.5,Q35)+SUM(U34) -> 14.5 | V35: =IFERROR(VLOOKUP(E35,WIP!$A$1:$S$1478,6,0),"-") -> - | W35: =IFERROR(VLOOKUP(E35,WIP!$A$1:$M$1478,12,0),"-") -> - | X35: =IFERROR(VLOOKUP(E35,WIP!$A$1:$M$1478,13,0),"-") -> - | Y35: =E35 -> - | Z35: =IFERROR(VLOOKUP(E35,WIP!$A$1:$K$1478,2,0),"-") -> - | AA35: =IFERROR(VLOOKUP(C35,Pack!$A$5:$G$1997,3,FALSE),"-") -> - | AB35: =IFERROR(VLOOKUP(E35,WIP!$A$1:$K$1478,11,0),"-") -> - | AC35: =IFERROR(VLOOKUP(E35,WIP!$A$1:$K$1478,7,0),"-") -> - | AD35: =IF(U35<13,J35,0) -> 0 | AE35: =IFERROR(AD35/AB35,"-") -> - | AG35: =IF(U35>13,J35,0) -> - | AH35: =IFERROR(AG35/AB35,0) -> 0
A36: B | B36: =iferror(vlookup(C36,Source!$A$10:$O$1488,3,0),"-") -> - | E36: =iferror(vlookup(C36,Source!$A$10:$O$1488,2,0),"-") -> - | F36: =iferror(vlookup(C36,Source!$A$10:$O$1488,12,0),"-") -> - | G36: =IF(H36="B","BOX LABEL",+IF(AND(H36="I"),"IN HOUSE",+IF(AND(H36="S"),"SPECIAL",+IF(AND(H36="BP"),"BUG FREE",+IF(AND(H36="A"),"Pre Labeled","-"))))) -> - | H36: =iferror(vlookup(C36,Source!$A$10:$O$1488,11,0),"-") -> - | I36: =iferror(vlookup(C36,Source!$A$10:$O$1488,7,0),"-") -> - | J36: =IFERROR(_xlfn.FLOOR.MATH(VLOOKUP(C36, Conversion!$A$1:$G$1483,7,0)*D36*1.05,10),"-") -> - | K36: =if(G36="in house",D36*4,+if(G36="bottle label",D36*4,+if(or(G36="bottle"),G36*4,0))) -> 0 | L36: =if(G36="box label",D36,+IF(or(G36="in house"),D36,+if(or(G36="special"),D36,0))) -> 0 | M36: =iferror(vlookup(C36,Source!$A$10:$O$1488,14,0),"-") -> - | N36: =iferror(vlookup(C36,Source!$A$10:$O$1488,15,0),"-") -> - | O36: =iferror(vlookup(C36,Source!$A$10:$O$1488,5,0),0) -> 0 | P36: =if(O36>1,O36/6.5,"-") -> - | Q36: =if(O36>0,D36/O36*6.5,0) -> 0 | U36: =SUM(0.5,Q36)+SUM(U35) -> 15 | V36: =IFERROR(VLOOKUP(E36,WIP!$A$1:$S$1478,6,0),"-") -> - | W36: =IFERROR(VLOOKUP(E36,WIP!$A$1:$M$1478,12,0),"-") -> - | X36: =IFERROR(VLOOKUP(E36,WIP!$A$1:$M$1478,13,0),"-") -> - | Y36: =E36 -> - | Z36: =IFERROR(VLOOKUP(E36,WIP!$A$1:$K$1478,2,0),"-") -> - | AA36: =IFERROR(VLOOKUP(C36,Pack!$A$5:$G$1997,3,FALSE),"-") -> - | AB36: =IFERROR(VLOOKUP(E36,WIP!$A$1:$K$1478,11,0),"-") -> - | AC36: =IFERROR(VLOOKUP(E36,WIP!$A$1:$K$1478,7,0),"-") -> - | AD36: =IF(U36<13,J36,0) -> 0 | AE36: =IFERROR(AD36/AB36,"-") -> - | AG36: =IF(U36>13,J36,0) -> - | AH36: =IFERROR(AG36/AB36,0) -> 0
A37: C | B37: =iferror(vlookup(C37,Source!$A$10:$O$1488,3,0),"-") -> - | E37: =iferror(vlookup(C37,Source!$A$10:$O$1488,2,0),"-") -> - | F37: =iferror(vlookup(C37,Source!$A$10:$O$1488,12,0),"-") -> - | G37: =IF(H37="B","BOX LABEL",+IF(AND(H37="I"),"IN HOUSE",+IF(AND(H37="S"),"SPECIAL",+IF(AND(H37="BP"),"BUG FREE",+IF(AND(H37="A"),"Pre Labeled","-"))))) -> - | H37: =iferror(vlookup(C37,Source!$A$10:$O$1488,11,0),"-") -> - | I37: =iferror(vlookup(C37,Source!$A$10:$O$1488,7,0),"-") -> - | J37: =IFERROR(_xlfn.FLOOR.MATH(VLOOKUP(C37, Conversion!$A$1:$G$1483,7,0)*D37*1.05,10),"-") -> - | K37: =if(G37="in house",D37*4,+if(G37="bottle label",D37*4,+if(or(G37="bottle"),G37*4,0))) -> 0 | L37: =if(G37="box label",D37,+IF(or(G37="in house"),D37,+if(or(G37="special"),D37,0))) -> 0 | M37: =iferror(vlookup(C37,Source!$A$10:$O$1488,14,0),"-") -> - | N37: =iferror(vlookup(C37,Source!$A$10:$O$1488,15,0),"-") -> - | O37: =iferror(vlookup(C37,Source!$A$10:$O$1488,5,0),0) -> 0 | P37: =if(O37>1,O37/6.5,"-") -> - | Q37: =if(O37>0,D37/O37*6.5,0) -> 0 | U37: =SUM(0.5,Q37)+SUM(U36) -> 15.5 | V37: =IFERROR(VLOOKUP(E37,WIP!$A$1:$S$1478,6,0),"-") -> - | W37: =IFERROR(VLOOKUP(E37,WIP!$A$1:$M$1478,12,0),"-") -> - | X37: =IFERROR(VLOOKUP(E37,WIP!$A$1:$M$1478,13,0),"-") -> - | Y37: =E37 -> - | Z37: =IFERROR(VLOOKUP(E37,WIP!$A$1:$K$1478,2,0),"-") -> - | AA37: =IFERROR(VLOOKUP(C37,Pack!$A$5:$G$1997,3,FALSE),"-") -> - | AB37: =IFERROR(VLOOKUP(E37,WIP!$A$1:$K$1478,11,0),"-") -> - | AC37: =IFERROR(VLOOKUP(E37,WIP!$A$1:$K$1478,7,0),"-") -> - | AD37: =IF(U37<13,J37,0) -> 0 | AE37: =IFERROR(AD37/AB37,"-") -> - | AG37: =IF(U37>13,J37,0) -> - | AH37: =IFERROR(AG37/AB37,0) -> 0
J38: =IFERROR(_xlfn.FLOOR.MATH(VLOOKUP(C38, Conversion!$A$1:$G$1483,7,0)*D38*1.05,10),"-") -> - | O38: TOTAL HOURS: | Q38: =SUM(Q35:Q37) -> 0 | U38: =SUM(0.5,Q38)+SUM(U37) -> 16 | V38: =IFERROR(VLOOKUP(E38,WIP!$A$1:$S$1478,6,0),"-") -> - | W38: =IFERROR(VLOOKUP(E38,WIP!$A$1:$M$1478,12,0),"-") -> - | X38: =IFERROR(VLOOKUP(E38,WIP!$A$1:$M$1478,13,0),"-") -> - | Y38: =E38 | Z38: =IFERROR(VLOOKUP(E38,WIP!$A$1:$K$1478,2,0),"-") -> - | AA38: =IFERROR(VLOOKUP(C38,Pack!$A$5:$G$1997,3,FALSE),"-") -> - | AB38: =IFERROR(VLOOKUP(E38,WIP!$A$1:$K$1478,11,0),"-") -> - | AC38: =IFERROR(VLOOKUP(E38,WIP!$A$1:$K$1478,7,0),"-") -> - | AD38: =IF(U38<13,J38,0) -> 0 | AE38: =IFERROR(AD38/AB38,"-") -> - | AG38: =IF(U38>13,J38,0) -> - | AH38: =IFERROR(AG38/AB38,0) -> 0
O39: IDLE HOURS | Q39: =24-Q38 -> 24 | V39: =IFERROR(VLOOKUP(E39,WIP!$A$1:$S$1478,6,0),"-") -> - | W39: =IFERROR(VLOOKUP(E39,WIP!$A$1:$M$1478,12,0),"-") -> - | X39: =IFERROR(VLOOKUP(E39,WIP!$A$1:$M$1478,13,0),"-") -> - | Y39: =E39 | Z39: =IFERROR(VLOOKUP(E39,WIP!$A$1:$K$1478,2,0),"-") -> - | AA39: =IFERROR(VLOOKUP(C39,Pack!$A$5:$G$1997,3,FALSE),"-") -> - | AB39: =IFERROR(VLOOKUP(E39,WIP!$A$1:$K$1478,11,0),"-") -> - | AC39: =IFERROR(VLOOKUP(E39,WIP!$A$1:$K$1478,7,0),"-") -> - | AD39: =IF(U39<13,J39,0) | AE39: =IFERROR(AD39/AB39,"-") -> - | AG39: =IF(U39>13,J39,0) -> 0 | AH39: =IFERROR(AG39/AB39,0) -> 0
B40: Line #3 | V40: =IFERROR(VLOOKUP(E40,WIP!$A$1:$S$1478,6,0),"-") -> - | W40: =IFERROR(VLOOKUP(E40,WIP!$A$1:$M$1478,12,0),"-") -> - | X40: =IFERROR(VLOOKUP(E40,WIP!$A$1:$M$1478,13,0),"-") -> - | Y40: =E40 | Z40: =IFERROR(VLOOKUP(E40,WIP!$A$1:$K$1478,2,0),"-") -> - | AA40: =IFERROR(VLOOKUP(C40,Pack!$A$5:$G$1997,3,FALSE),"-") -> - | AB40: =IFERROR(VLOOKUP(E40,WIP!$A$1:$K$1478,11,0),"-") -> - | AC40: =IFERROR(VLOOKUP(E40,WIP!$A$1:$K$1478,7,0),"-") -> - | AD40: =IF(U40<13,J40,0) | AE40: =IFERROR(AD40/AB40,"-") -> - | AG40: =IF(U40>13,J40,0) -> 0 | AH40: =IFERROR(AG40/AB40,0) -> 0
A41: A | B41: =iferror(vlookup(C41,Source!$A$10:$O$1488,3,0),"-") -> - | E41: =iferror(vlookup(C41,Source!$A$10:$O$1488,2,0),"-") -> - | F41: =iferror(vlookup(C41,Source!$A$10:$O$1488,12,0),"-") -> - | G41: =IF(H41="B","BOX LABEL",+IF(AND(H41="I"),"IN HOUSE",+IF(AND(H41="S"),"SPECIAL",+IF(AND(H41="BP"),"BUG FREE",+IF(AND(H41="A"),"Pre Labeled","-"))))) -> - | H41: =iferror(vlookup(C41,Source!$A$10:$O$1488,11,0),"-") -> - | I41: =iferror(vlookup(C41,Source!$A$10:$O$1488,7,0),"-") -> - | J41: =IFERROR(_xlfn.FLOOR.MATH(VLOOKUP(C41, Conversion!$A$1:$G$1483,7,0)*D41*1.05,10),"-") -> - | K41: =if(G41="in house",D41*4,+if(G41="bottle label",D41*4,+if(or(G41="bottle"),G41*4,0))) -> 0 | L41: =if(G41="box label",D41,+IF(or(G41="in house"),D41,+if(or(G41="special"),D41,0))) -> 0 | M41: =iferror(vlookup(C41,Source!$A$10:$O$1488,14,0),"-") -> - | N41: =iferror(vlookup(C41,Source!$A$10:$O$1488,15,0),"-") -> - | O41: =iferror(vlookup(C41,Source!$A$10:$O$1488,5,0),0) -> 0 | P41: =if(O41>1,O41/6.5,"-") -> - | Q41: =if(O41>0,D41/O41*6.5,0) -> 0 | U41: =IF(Q41=0,14,SUM(5)+SUM(Q41)) -> 14 | V41: =IFERROR(VLOOKUP(E41,WIP!$A$1:$S$1478,6,0),"-") -> - | W41: =IFERROR(VLOOKUP(E41,WIP!$A$1:$M$1478,12,0),"-") -> - | X41: =IFERROR(VLOOKUP(E41,WIP!$A$1:$M$1478,13,0),"-") -> - | Y41: =E41 -> - | Z41: =IFERROR(VLOOKUP(E41,WIP!$A$1:$K$1478,2,0),"-") -> - | AA41: =IFERROR(VLOOKUP(C41,Pack!$A$5:$G$1997,3,FALSE),"-") -> - | AB41: =IFERROR(VLOOKUP(E41,WIP!$A$1:$K$1478,11,0),"-") -> - | AC41: =IFERROR(VLOOKUP(E41,WIP!$A$1:$K$1478,7,0),"-") -> - | AD41: =IF(U41<13,J41,0) -> 0 | AE41: =IFERROR(AD41/AB41,"-") -> - | AG41: =IF(U41>13,J41,0) -> - | AH41: =IFERROR(AG41/AB41,0) -> 0
A42: B | B42: =iferror(vlookup(C42,Source!$A$10:$O$1488,3,0),"-") -> - | E42: =iferror(vlookup(C42,Source!$A$10:$O$1488,2,0),"-") -> - | F42: =iferror(vlookup(C42,Source!$A$10:$O$1488,12,0),"-") -> - | G42: =IF(H42="B","BOX LABEL",+IF(AND(H42="I"),"IN HOUSE",+IF(AND(H42="S"),"SPECIAL",+IF(AND(H42="BP"),"BUG FREE",+IF(AND(H42="A"),"Pre Labeled","-"))))) -> - | H42: =iferror(vlookup(C42,Source!$A$10:$O$1488,11,0),"-") -> - | I42: =iferror(vlookup(C42,Source!$A$10:$O$1488,7,0),"-") -> - | J42: =IFERROR(_xlfn.FLOOR.MATH(VLOOKUP(C42, Conversion!$A$1:$G$1483,7,0)*D42*1.05,10),"-") -> - | K42: =if(G42="in house",D42*4,+if(G42="bottle label",D42*4,+if(or(G42="bottle"),G42*4,0))) -> 0 | L42: =if(G42="box label",D42,+IF(or(G42="in house"),D42,+if(or(G42="special"),D42,0))) -> 0 | M42: =iferror(vlookup(C42,Source!$A$10:$O$1488,14,0),"-") -> - | N42: =iferror(vlookup(C42,Source!$A$10:$O$1488,15,0),"-") -> - | O42: =iferror(vlookup(C42,Source!$A$10:$O$1488,5,0),0) -> 0 | P42: =if(O42>1,O42/6.5,"-") -> - | Q42: =if(O42>0,D42/O42*6.5,0) -> 0 | U42: =SUM(0.5,Q42)+SUM(U41) -> 14.5 | V42: =IFERROR(VLOOKUP(E42,WIP!$A$1:$S$1478,6,0),"-") -> - | W42: =IFERROR(VLOOKUP(E42,WIP!$A$1:$M$1478,12,0),"-") -> - | X42: =IFERROR(VLOOKUP(E42,WIP!$A$1:$M$1478,13,0),"-") -> - | Y42: =E42 -> - | Z42: =IFERROR(VLOOKUP(E42,WIP!$A$1:$K$1478,2,0),"-") -> - | AA42: =IFERROR(VLOOKUP(C42,Pack!$A$5:$G$1997,3,FALSE),"-") -> - | AB42: =IFERROR(VLOOKUP(E42,WIP!$A$1:$K$1478,11,0),"-") -> - | AC42: =IFERROR(VLOOKUP(E42,WIP!$A$1:$K$1478,7,0),"-") -> - | AD42: =IF(U42<13,J42,0) -> 0 | AE42: =IFERROR(AD42/AB42,"-") -> - | AG42: =IF(U42>13,J42,0) -> - | AH42: =IFERROR(AG42/AB42,0) -> 0
A43: C | B43: =iferror(vlookup(C43,Source!$A$10:$O$1488,3,0),"-") -> - | E43: =iferror(vlookup(C43,Source!$A$10:$O$1488,2,0),"-") -> - | F43: =iferror(vlookup(C43,Source!$A$10:$O$1488,12,0),"-") -> - | G43: =IF(H43="B","BOX LABEL",+IF(AND(H43="I"),"IN HOUSE",+IF(AND(H43="S"),"SPECIAL",+IF(AND(H43="BP"),"BUG FREE",+IF(AND(H43="A"),"Pre Labeled","-"))))) -> - | H43: =iferror(vlookup(C43,Source!$A$10:$O$1488,11,0),"-") -> - | I43: =iferror(vlookup(C43,Source!$A$10:$O$1488,7,0),"-") -> - | J43: =IFERROR(_xlfn.FLOOR.MATH(VLOOKUP(C43, Conversion!$A$1:$G$1483,7,0)*D43*1.05,10),"-") -> - | K43: =if(G43="in house",D43*4,+if(G43="bottle label",D43*4,+if(or(G43="bottle"),G43*4,0))) -> 0 | L43: =if(G43="box label",D43,+IF(or(G43="in house"),D43,+if(or(G43="special"),D43,0))) -> 0 | M43: =iferror(vlookup(C43,Source!$A$10:$O$1488,14,0),"-") -> - | N43: =iferror(vlookup(C43,Source!$A$10:$O$1488,15,0),"-") -> - | O43: =iferror(vlookup(C43,Source!$A$10:$O$1488,5,0),0) -> 0 | P43: =if(O43>1,O43/6.5,"-") -> - | Q43: =if(O43>0,D43/O43*6.5,0) -> 0 | U43: =SUM(0.5,Q43)+SUM(U42) -> 15 | V43: =IFERROR(VLOOKUP(E43,WIP!$A$1:$S$1478,6,0),"-") -> - | W43: =IFERROR(VLOOKUP(E43,WIP!$A$1:$M$1478,12,0),"-") -> - | X43: =IFERROR(VLOOKUP(E43,WIP!$A$1:$M$1478,13,0),"-") -> - | Y43: =E43 -> - | Z43: =IFERROR(VLOOKUP(E43,WIP!$A$1:$K$1478,2,0),"-") -> - | AA43: =IFERROR(VLOOKUP(C43,Pack!$A$5:$G$1997,3,FALSE),"-") -> - | AB43: =IFERROR(VLOOKUP(E43,WIP!$A$1:$K$1478,11,0),"-") -> - | AC43: =IFERROR(VLOOKUP(E43,WIP!$A$1:$K$1478,7,0),"-") -> - | AD43: =IF(U43<13,J43,0) -> 0 | AE43: =IFERROR(AD43/AB43,"-") -> - | AG43: =IF(U43>13,J43,0) -> - | AH43: =IFERROR(AG43/AB43,0) -> 0
A44: D | B44: =iferror(vlookup(C44,Source!$A$10:$O$1488,3,0),"-") -> - | E44: =iferror(vlookup(C44,Source!$A$10:$O$1488,2,0),"-") -> - | F44: =iferror(vlookup(C44,Source!$A$10:$O$1488,12,0),"-") -> - | G44: =IF(H44="B","BOX LABEL",+IF(AND(H44="I"),"IN HOUSE",+IF(AND(H44="S"),"SPECIAL",+IF(AND(H44="BP"),"BUG FREE",+IF(AND(H44="A"),"Pre Labeled","-"))))) -> - | H44: =iferror(vlookup(C44,Source!$A$10:$O$1488,11,0),"-") -> - | I44: =iferror(vlookup(C44,Source!$A$10:$O$1488,7,0),"-") -> - | J44: =IFERROR(_xlfn.FLOOR.MATH(VLOOKUP(C44, Conversion!$A$1:$G$1483,7,0)*D44*1.05,10),"-") -> - | K44: =if(G44="in house",D44*4,+if(G44="bottle label",D44*4,+if(or(G44="bottle"),G44*4,0))) -> 0 | L44: =if(G44="box label",D44,+IF(or(G44="in house"),D44,+if(or(G44="special"),D44,0))) -> 0 | M44: =iferror(vlookup(C44,Source!$A$10:$O$1488,14,0),"-") -> - | N44: =iferror(vlookup(C44,Source!$A$10:$O$1488,15,0),"-") -> - | O44: =iferror(vlookup(C44,Source!$A$10:$O$1488,5,0),0) -> 0 | P44: =if(O44>1,O44/6.5,"-") -> - | Q44: =if(O44>0,D44/O44*6.5,0) -> 0 | U44: =SUM(0.5,Q44)+SUM(U43) -> 15.5 | V44: =IFERROR(VLOOKUP(E44,WIP!$A$1:$S$1478,6,0),"-") -> - | W44: =IFERROR(VLOOKUP(E44,WIP!$A$1:$M$1478,12,0),"-") -> - | X44: =IFERROR(VLOOKUP(E44,WIP!$A$1:$M$1478,13,0),"-") -> - | Y44: =E44 -> - | Z44: =IFERROR(VLOOKUP(E44,WIP!$A$1:$K$1478,2,0),"-") -> - | AA44: =IFERROR(VLOOKUP(C44,Pack!$A$5:$G$1997,3,FALSE),"-") -> - | AB44: =IFERROR(VLOOKUP(E44,WIP!$A$1:$K$1478,11,0),"-") -> - | AC44: =IFERROR(VLOOKUP(E44,WIP!$A$1:$K$1478,7,0),"-") -> - | AD44: =IF(U44<13,J44,0) -> 0 | AE44: =IFERROR(AD44/AB44,"-") -> - | AG44: =IF(U44>13,J44,0) -> - | AH44: =IFERROR(AG44/AB44,0) -> 0
A45: E | B45: =iferror(vlookup(C45,Source!$A$10:$O$1488,3,0),"-") -> - | E45: =iferror(vlookup(C45,Source!$A$10:$O$1488,2,0),"-") -> - | F45: =iferror(vlookup(C45,Source!$A$10:$O$1488,12,0),"-") -> - | G45: =IF(H45="B","BOX LABEL",+IF(AND(H45="I"),"IN HOUSE",+IF(AND(H45="S"),"SPECIAL",+IF(AND(H45="BP"),"BUG FREE",+IF(AND(H45="A"),"Pre Labeled","-"))))) -> - | H45: =iferror(vlookup(C45,Source!$A$10:$O$1488,11,0),"-") -> - | I45: =iferror(vlookup(C45,Source!$A$10:$O$1488,7,0),"-") -> - | J45: =IFERROR(_xlfn.FLOOR.MATH(VLOOKUP(C45, Conversion!$A$1:$G$1483,7,0)*D45*1.05,10),"-") -> - | K45: =if(G45="in house",D45*4,+if(G45="bottle label",D45*4,+if(or(G45="bottle"),G45*4,0))) -> 0 | L45: =if(G45="box label",D45,+IF(or(G45="in house"),D45,+if(or(G45="special"),D45,0))) -> 0 | M45: =iferror(vlookup(C45,Source!$A$10:$O$1488,14,0),"-") -> - | N45: =iferror(vlookup(C45,Source!$A$10:$O$1488,15,0),"-") -> - | O45: =iferror(vlookup(C45,Source!$A$10:$O$1488,5,0),0) -> 0 | P45: =if(O45>1,O45/6.5,"-") -> - | Q45: =if(O45>0,D45/O45*6.5,0) -> 0 | U45: =SUM(0.5,Q45)+SUM(U44) -> 16 | V45: =IFERROR(VLOOKUP(E45,WIP!$A$1:$S$1478,6,0),"-") -> - | W45: =IFERROR(VLOOKUP(E45,WIP!$A$1:$M$1478,12,0),"-") -> - | X45: =IFERROR(VLOOKUP(E45,WIP!$A$1:$M$1478,13,0),"-") -> - | Y45: =E45 -> - | Z45: =IFERROR(VLOOKUP(E45,WIP!$A$1:$K$1478,2,0),"-") -> - | AA45: =IFERROR(VLOOKUP(C45,Pack!$A$5:$G$1997,3,FALSE),"-") -> - | AB45: =IFERROR(VLOOKUP(E45,WIP!$A$1:$K$1478,11,0),"-") -> - | AC45: =IFERROR(VLOOKUP(E45,WIP!$A$1:$K$1478,7,0),"-") -> - | AD45: =IF(U45<13,J45,0) -> 0 | AE45: =IFERROR(AD45/AB45,"-") -> - | AG45: =IF(U45>13,J45,0) -> - | AH45: =IFERROR(AG45/AB45,0) -> 0
A46: F | B46: =iferror(vlookup(C46,Source!$A$10:$O$1488,3,0),"-") -> - | E46: =iferror(vlookup(C46,Source!$A$10:$O$1488,2,0),"-") -> - | F46: =iferror(vlookup(C46,Source!$A$10:$O$1488,12,0),"-") -> - | G46: =IF(H46="B","BOX LABEL",+IF(AND(H46="I"),"IN HOUSE",+IF(AND(H46="S"),"SPECIAL",+IF(AND(H46="BP"),"BUG FREE",+IF(AND(H46="A"),"Pre Labeled","-"))))) -> - | H46: =iferror(vlookup(C46,Source!$A$10:$O$1488,11,0),"-") -> - | I46: =iferror(vlookup(C46,Source!$A$10:$O$1488,7,0),"-") -> - | J46: =IFERROR(_xlfn.FLOOR.MATH(VLOOKUP(C46, Conversion!$A$1:$G$1483,7,0)*D46*1.05,10),"-") -> - | K46: =if(G46="in house",D46*4,+if(G46="bottle label",D46*4,+if(or(G46="bottle"),G46*4,0))) -> 0 | L46: =if(G46="box label",D46,+IF(or(G46="in house"),D46,+if(or(G46="special"),D46,0))) -> 0 | M46: =iferror(vlookup(C46,Source!$A$10:$O$1488,14,0),"-") -> - | N46: =iferror(vlookup(C46,Source!$A$10:$O$1488,15,0),"-") -> - | O46: =iferror(vlookup(C46,Source!$A$10:$O$1488,5,0),0) -> 0 | P46: =if(O46>1,O46/6.5,"-") -> - | Q46: =if(O46>0,D46/O46*6.5,0) -> 0 | U46: =SUM(0.5,Q46)+SUM(U45) -> 16.5 | V46: =IFERROR(VLOOKUP(E46,WIP!$A$1:$S$1478,6,0),"-") -> - | W46: =IFERROR(VLOOKUP(E46,WIP!$A$1:$M$1478,12,0),"-") -> - | X46: =IFERROR(VLOOKUP(E46,WIP!$A$1:$M$1478,13,0),"-") -> - | Y46: =E46 -> - | Z46: =IFERROR(VLOOKUP(E46,WIP!$A$1:$K$1478,2,0),"-") -> - | AA46: =IFERROR(VLOOKUP(C46,Pack!$A$5:$G$1997,3,FALSE),"-") -> - | AB46: =IFERROR(VLOOKUP(E46,WIP!$A$1:$K$1478,11,0),"-") -> - | AC46: =IFERROR(VLOOKUP(E46,WIP!$A$1:$K$1478,7,0),"-") -> - | AD46: =IF(U46<13,J46,0) -> 0 | AE46: =IFERROR(AD46/AB46,"-") -> - | AG46: =IF(U46>13,J46,0) -> - | AH46: =IFERROR(AG46/AB46,0) -> 0
A47: G | B47: =iferror(vlookup(C47,Source!$A$10:$O$1488,3,0),"-") -> - | E47: =iferror(vlookup(C47,Source!$A$10:$O$1488,2,0),"-") -> - | F47: =iferror(vlookup(C47,Source!$A$10:$O$1488,12,0),"-") -> - | G47: =IF(H47="B","BOX LABEL",+IF(AND(H47="I"),"IN HOUSE",+IF(AND(H47="S"),"SPECIAL",+IF(AND(H47="BP"),"BUG FREE",+IF(AND(H47="A"),"Pre Labeled","-"))))) -> - | H47: =iferror(vlookup(C47,Source!$A$10:$O$1488,11,0),"-") -> - | I47: =iferror(vlookup(C47,Source!$A$10:$O$1488,7,0),"-") -> - | J47: =IFERROR(_xlfn.FLOOR.MATH(VLOOKUP(C47, Conversion!$A$1:$G$1483,7,0)*D47*1.05,10),"-") -> - | K47: =if(G47="in house",D47*4,+if(G47="bottle label",D47*4,+if(or(G47="bottle"),G47*4,0))) -> 0 | L47: =if(G47="box label",D47,+IF(or(G47="in house"),D47,+if(or(G47="special"),D47,0))) -> 0 | M47: =iferror(vlookup(C47,Source!$A$10:$O$1488,14,0),"-") -> - | N47: =iferror(vlookup(C47,Source!$A$10:$O$1488,15,0),"-") -> - | O47: =iferror(vlookup(C47,Source!$A$10:$O$1488,5,0),0) -> 0 | P47: =if(O47>1,O47/6.5,"-") -> - | Q47: =if(O47>0,D47/O47*6.5,0) -> 0 | U47: =SUM(0.5,Q47)+SUM(U46) -> 17 | V47: =IFERROR(VLOOKUP(E47,WIP!$A$1:$S$1478,6,0),"-") -> - | W47: =IFERROR(VLOOKUP(E47,WIP!$A$1:$M$1478,12,0),"-") -> - | X47: =IFERROR(VLOOKUP(E47,WIP!$A$1:$M$1478,13,0),"-") -> - | Y47: =E47 -> - | Z47: =IFERROR(VLOOKUP(E47,WIP!$A$1:$K$1478,2,0),"-") -> - | AA47: =IFERROR(VLOOKUP(C47,Pack!$A$5:$G$1997,3,FALSE),"-") -> - | AB47: =IFERROR(VLOOKUP(E47,WIP!$A$1:$K$1478,11,0),"-") -> - | AC47: =IFERROR(VLOOKUP(E47,WIP!$A$1:$K$1478,7,0),"-") -> - | AD47: =IF(U47<13,J47,0) -> 0 | AE47: =IFERROR(AD47/AB47,"-") -> - | AG47: =IF(U47>13,J47,0) -> - | AH47: =IFERROR(AG47/AB47,0) -> 0
J48: gl | O48: TOTAL HOURS: | Q48: =SUM(Q41:Q47) -> 0 | V48: =IFERROR(VLOOKUP(E48,WIP!$A$1:$S$1478,6,0),"-") -> - | W48: =IFERROR(VLOOKUP(E48,WIP!$A$1:$M$1478,12,0),"-") -> - | X48: =IFERROR(VLOOKUP(E48,WIP!$A$1:$M$1478,13,0),"-") -> - | Y48: =E48 | Z48: =IFERROR(VLOOKUP(E48,WIP!$A$1:$K$1478,2,0),"-") -> - | AA48: =IFERROR(VLOOKUP(C48,Pack!$A$5:$G$1997,3,FALSE),"-") -> - | AB48: =IFERROR(VLOOKUP(E48,WIP!$A$1:$K$1478,11,0),"-") -> - | AC48: =IFERROR(VLOOKUP(E48,WIP!$A$1:$K$1478,7,0),"-") -> - | AE48: =IFERROR(AD48/AB48,"-") -> - | AG48: =IF(U48>13,J48,0) -> 0 | AH48: =IFERROR(AG48/AB48,0) -> 0
O49: IDLE HOURS | Q49: =24-Q48 -> 24 | V49: =IFERROR(VLOOKUP(E49,WIP!$A$1:$S$1478,6,0),"-") -> - | W49: =IFERROR(VLOOKUP(E49,WIP!$A$1:$M$1478,12,0),"-") -> - | X49: =IFERROR(VLOOKUP(E49,WIP!$A$1:$M$1478,13,0),"-") -> - | Y49: =E49 | Z49: =IFERROR(VLOOKUP(E49,WIP!$A$1:$K$1478,2,0),"-") -> - | AA49: =IFERROR(VLOOKUP(C49,Pack!$A$5:$G$1997,3,FALSE),"-") -> - | AB49: =IFERROR(VLOOKUP(E49,WIP!$A$1:$K$1478,11,0),"-") -> - | AC49: =IFERROR(VLOOKUP(E49,WIP!$A$1:$K$1478,7,0),"-") -> - | AD49: =IF(U49<13,J49,0) | AE49: =IFERROR(AD49/AB49,"-") -> - | AG49: =IF(U49>13,J49,0) -> 0 | AH49: =IFERROR(AG49/AB49,0) -> 0
B50: Line #4 | V50: =IFERROR(VLOOKUP(E50,WIP!$A$1:$S$1478,6,0),"-") -> - | W50: =IFERROR(VLOOKUP(E50,WIP!$A$1:$M$1478,12,0),"-") -> - | X50: =IFERROR(VLOOKUP(E50,WIP!$A$1:$M$1478,13,0),"-") -> - | Y50: =E50 | Z50: =IFERROR(VLOOKUP(E50,WIP!$A$1:$K$1478,2,0),"-") -> - | AA50: =IFERROR(VLOOKUP(C50,Pack!$A$5:$G$1997,3,FALSE),"-") -> - | AB50: =IFERROR(VLOOKUP(E50,WIP!$A$1:$K$1478,11,0),"-") -> - | AC50: =IFERROR(VLOOKUP(E50,WIP!$A$1:$K$1478,7,0),"-") -> - | AD50: =IF(U50<13,J50,0) | AE50: =IFERROR(AD50/AB50,"-") -> - | AG50: =IF(U50>13,J50,0) -> 0 | AH50: =IFERROR(AG50/AB50,0) -> 0
A51: A | B51: =iferror(vlookup(C51,Source!$A$10:$O$1488,3,0),"-") -> AMAZON BASICS DISH SOAP FRESH SCENT 30OZ 4PK | C51: 104230AMZ | D51: 2448 | E51: =iferror(vlookup(C51,Source!$A$10:$O$1488,2,0),"-") -> 104201 | F51: =iferror(vlookup(C51,Source!$A$10:$O$1488,12,0),"-") -> AMAZON | G51: =IF(H51="B","BOX LABEL",+IF(AND(H51="I"),"IN HOUSE",+IF(AND(H51="S"),"SPECIAL",+IF(AND(H51="BP"),"BUG FREE",+IF(AND(H51="A"),"Pre Labeled","-"))))) -> - | H51: =iferror(vlookup(C51,Source!$A$10:$O$1488,11,0),"-") -> 0 | I51: =iferror(vlookup(C51,Source!$A$10:$O$1488,7,0),"-") -> 0 | J51: =IFERROR(_xlfn.FLOOR.MATH(VLOOKUP(C51, Conversion!$A$1:$G$1483,7,0)*D51*1.05,10),"-") -> 2440 | K51: =if(G51="in house",D51*4,+if(G51="bottle label",D51*4,+if(or(G51="bottle"),G51*4,0))) -> 0 | L51: =if(G51="box label",D51,+IF(or(G51="in house"),D51,+if(or(G51="special"),D51,0))) -> 0 | M51: =iferror(vlookup(C51,Source!$A$10:$O$1488,14,0),"-") -> 121001 | N51: =iferror(vlookup(C51,Source!$A$10:$O$1488,15,0),"-") | O51: =iferror(vlookup(C51,Source!$A$10:$O$1488,5,0),0) -> 2448 | P51: =if(O51>1,O51/6.5,"-") -> 376.61538 | Q51: =if(O51>0,D51/O51*6.5,0) -> 6.5 | U51: =IF(Q51=0,14,SUM(5)+SUM(Q51)) -> 11.5 | V51: =IFERROR(VLOOKUP(E51,WIP!$A$1:$S$1478,6,0),"-") -> Dish Soap | W51: =IFERROR(VLOOKUP(E51,WIP!$A$1:$M$1478,12,0),"-") -> Blue | X51: =IFERROR(VLOOKUP(E51,WIP!$A$1:$M$1478,13,0),"-") -> Citrus | Y51: =E51 -> 104201 | Z51: =IFERROR(VLOOKUP(E51,WIP!$A$1:$K$1478,2,0),"-") -> AMZN BASICS DISH FRESH SCENT | AA51: =IFERROR(VLOOKUP(C51,Pack!$A$5:$G$1997,3,FALSE),"-") -> 9828 | AB51: =IFERROR(VLOOKUP(E51,WIP!$A$1:$K$1478,11,0),"-") -> 461.60714 | AC51: =IFERROR(VLOOKUP(E51,WIP!$A$1:$K$1478,7,0),"-") -> Min 2000gl | AD51: =IF(U51<13,J51,0) -> 2440 | AE51: =IFERROR(AD51/AB51,"-") -> 5.2858801 | AG51: =IF(U51>13,J51,0) -> 0 | AH51: =IFERROR(AG51/AB51,0) -> 0
A52: B | B52: =iferror(vlookup(C52,Source!$A$10:$O$1488,3,0),"-") -> - | E52: =iferror(vlookup(C52,Source!$A$10:$O$1488,2,0),"-") -> - | F52: =iferror(vlookup(C52,Source!$A$10:$O$1488,12,0),"-") -> - | G52: =IF(H52="B","BOX LABEL",+IF(AND(H52="I"),"IN HOUSE",+IF(AND(H52="S"),"SPECIAL",+IF(AND(H52="BP"),"BUG FREE",+IF(AND(H52="A"),"Pre Labeled","-"))))) -> - | H52: =iferror(vlookup(C52,Source!$A$10:$O$1488,11,0),"-") -> - | I52: =iferror(vlookup(C52,Source!$A$10:$O$1488,7,0),"-") -> - | J52: =IFERROR(_xlfn.FLOOR.MATH(VLOOKUP(C52, Conversion!$A$1:$G$1483,7,0)*D52*1.05,10),"-") -> - | K52: =if(G52="in house",D52*4,+if(G52="bottle label",D52*4,+if(or(G52="bottle"),G52*4,0))) -> 0 | L52: =if(G52="box label",D52,+IF(or(G52="in house"),D52,+if(or(G52="special"),D52,0))) -> 0 | M52: =iferror(vlookup(C52,Source!$A$10:$O$1488,14,0),"-") -> - | N52: =iferror(vlookup(C52,Source!$A$10:$O$1488,15,0),"-") -> - | O52: =iferror(vlookup(C52,Source!$A$10:$O$1488,5,0),0) -> 0 | P52: =if(O52>1,O52/6.5,"-") -> - | Q52: =if(O52>0,D52/O52*6.5,0) -> 0 | U52: =SUM(0.5,Q52)+SUM(U51) -> 12 | V52: =IFERROR(VLOOKUP(E52,WIP!$A$1:$S$1478,6,0),"-") -> - | W52: =IFERROR(VLOOKUP(E52,WIP!$A$1:$M$1478,12,0),"-") -> - | X52: =IFERROR(VLOOKUP(E52,WIP!$A$1:$M$1478,13,0),"-") -> - | Y52: =E52 -> - | Z52: =IFERROR(VLOOKUP(E52,WIP!$A$1:$K$1478,2,0),"-") -> - | AA52: =IFERROR(VLOOKUP(C52,Pack!$A$5:$G$1997,3,FALSE),"-") -> - | AB52: =IFERROR(VLOOKUP(E52,WIP!$A$1:$K$1478,11,0),"-") -> - | AC52: =IFERROR(VLOOKUP(E52,WIP!$A$1:$K$1478,7,0),"-") -> - | AD52: =IF(U52<13,J52,0) -> - | AE52: =IFERROR(AD52/AB52,"-") -> - | AG52: =IF(U52>13,J52,0) -> 0 | AH52: =IFERROR(AG52/AB52,0) -> 0
A53: C | B53: =iferror(vlookup(C53,Source!$A$10:$O$1488,3,0),"-") -> - | E53: =iferror(vlookup(C53,Source!$A$10:$O$1488,2,0),"-") -> - | F53: =iferror(vlookup(C53,Source!$A$10:$O$1488,12,0),"-") -> - | G53: =IF(H53="B","BOX LABEL",+IF(AND(H53="I"),"IN HOUSE",+IF(AND(H53="S"),"SPECIAL",+IF(AND(H53="BP"),"BUG FREE",+IF(AND(H53="A"),"Pre Labeled","-"))))) -> - | H53: =iferror(vlookup(C53,Source!$A$10:$O$1488,11,0),"-") -> - | I53: =iferror(vlookup(C53,Source!$A$10:$O$1488,7,0),"-") -> - | J53: =IFERROR(_xlfn.FLOOR.MATH(VLOOKUP(C53, Conversion!$A$1:$G$1483,7,0)*D53*1.05,10),"-") -> - | K53: =if(G53="in house",D53*4,+if(G53="bottle label",D53*4,+if(or(G53="bottle"),G53*4,0))) -> 0 | L53: =if(G53="box label",D53,+IF(or(G53="in house"),D53,+if(or(G53="special"),D53,0))) -> 0 | M53: =iferror(vlookup(C53,Source!$A$10:$O$1488,14,0),"-") -> - | N53: =iferror(vlookup(C53,Source!$A$10:$O$1488,15,0),"-") -> - | O53: =iferror(vlookup(C53,Source!$A$10:$O$1488,5,0),0) -> 0 | P53: =if(O53>1,O53/6.5,"-") -> - | Q53: =if(O53>0,D53/O53*6.5,0) -> 0 | U53: =SUM(0.5,Q53)+SUM(U52) -> 12.5 | V53: =IFERROR(VLOOKUP(E53,WIP!$A$1:$S$1478,6,0),"-") -> - | W53: =IFERROR(VLOOKUP(E53,WIP!$A$1:$M$1478,12,0),"-") -> - | X53: =IFERROR(VLOOKUP(E53,WIP!$A$1:$M$1478,13,0),"-") -> - | Y53: =E53 -> - | Z53: =IFERROR(VLOOKUP(E53,WIP!$A$1:$K$1478,2,0),"-") -> - | AA53: =IFERROR(VLOOKUP(C53,Pack!$A$5:$G$1997,3,FALSE),"-") -> - | AB53: =IFERROR(VLOOKUP(E53,WIP!$A$1:$K$1478,11,0),"-") -> - | AC53: =IFERROR(VLOOKUP(E53,WIP!$A$1:$K$1478,7,0),"-") -> - | AD53: =IF(U53<13,J53,0) -> - | AE53: =IFERROR(AD53/AB53,"-") -> - | AG53: =IF(U53>13,J53,0) -> 0 | AH53: =IFERROR(AG53/AB53,0) -> 0
K54: 0 | O54: TOTAL HOURS: | Q54: =SUM(Q51:Q53) -> 6.5 | U54: =SUM(0.5,Q54)+SUM(U53) -> 19.5 | V54: =IFERROR(VLOOKUP(E54,WIP!$A$1:$S$1478,6,0),"-") -> - | W54: =IFERROR(VLOOKUP(E54,WIP!$A$1:$M$1478,12,0),"-") -> - | X54: =IFERROR(VLOOKUP(E54,WIP!$A$1:$M$1478,13,0),"-") -> - | Y54: =E54 | Z54: =IFERROR(VLOOKUP(E54,WIP!$A$1:$K$1478,2,0),"-") -> - | AA54: =IFERROR(VLOOKUP(C54,Pack!$A$5:$G$1997,3,FALSE),"-") -> - | AB54: =IFERROR(VLOOKUP(E54,WIP!$A$1:$K$1478,11,0),"-") -> - | AC54: =IFERROR(VLOOKUP(E54,WIP!$A$1:$K$1478,7,0),"-") -> - | AD54: =IF(U54<13,J54,0) -> 0 | AE54: =IFERROR(AD54/AB54,"-") -> - | AG54: =IF(U54>13,J54,0) | AH54: =IFERROR(AG54/AB54,0) -> 0
O55: IDLE HOURS | Q55: =24-Q54 -> 17.5 | V55: =IFERROR(VLOOKUP(E55,WIP!$A$1:$S$1478,6,0),"-") -> - | W55: =IFERROR(VLOOKUP(E55,WIP!$A$1:$M$1478,12,0),"-") -> - | X55: =IFERROR(VLOOKUP(E55,WIP!$A$1:$M$1478,13,0),"-") -> - | Y55: =E55 | Z55: =IFERROR(VLOOKUP(E55,WIP!$A$1:$K$1478,2,0),"-") -> - | AA55: =IFERROR(VLOOKUP(C55,Pack!$A$5:$G$1997,3,FALSE),"-") -> - | AB55: =IFERROR(VLOOKUP(E55,WIP!$A$1:$K$1478,11,0),"-") -> - | AC55: =IFERROR(VLOOKUP(E55,WIP!$A$1:$K$1478,7,0),"-") -> - | AD55: =IF(U55<13,J55,0) | AE55: =IFERROR(AD55/AB55,"-") -> - | AG55: =IF(U55>13,J55,0) -> 0 | AH55: =IFERROR(AG55/AB55,0) -> 0
B56: Line# 5 - Drums, Totes, & Misc | V56: =IFERROR(VLOOKUP(E56,WIP!$A$1:$S$1478,6,0),"-") -> - | W56: =IFERROR(VLOOKUP(E56,WIP!$A$1:$M$1478,12,0),"-") -> - | X56: =IFERROR(VLOOKUP(E56,WIP!$A$1:$M$1478,13,0),"-") -> - | Y56: =E56 | Z56: =IFERROR(VLOOKUP(E56,WIP!$A$1:$K$1478,2,0),"-") -> - | AA56: =IFERROR(VLOOKUP(C56,Pack!$A$5:$G$1997,3,FALSE),"-") -> - | AB56: =IFERROR(VLOOKUP(E56,WIP!$A$1:$K$1478,11,0),"-") -> - | AC56: =IFERROR(VLOOKUP(E56,WIP!$A$1:$K$1478,7,0),"-") -> - | AD56: =IF(U56<13,J56,0) | AE56: =IFERROR(AD56/AB56,"-") -> - | AG56: =IF(U56>13,J56,0) -> 0 | AH56: =IFERROR(AG56/AB56,0) -> 0
A57: A | B57: =iferror(vlookup(C57,Source!$A$10:$O$1488,3,0),"-") -> - | E57: =iferror(vlookup(C57,Source!$A$10:$O$1488,2,0),"-") -> - | F57: =iferror(vlookup(C57,Source!$A$10:$O$1488,12,0),"-") -> - | G57: =IF(H57="B","BOX LABEL",+IF(AND(H57="I"),"IN HOUSE",+IF(AND(H57="S"),"SPECIAL",+IF(AND(H57="BP"),"BUG FREE",+IF(AND(H57="A"),"Pre Labeled","-"))))) -> - | H57: =iferror(vlookup(C57,Source!$A$10:$O$1488,11,0),"-") -> - | I57: =iferror(vlookup(C57,Source!$A$10:$O$1488,7,0),"-") -> - | J57: =IFERROR(_xlfn.FLOOR.MATH(VLOOKUP(C57, Conversion!$A$1:$G$1483,7,0)*D57*1.05,10),"-") -> - | K57: =if(G57="in house",D57*4,+if(G57="bottle label",D57*4,+if(or(G57="bottle"),G57*4,0))) -> 0 | L57: =if(G57="box label",D57,+IF(or(G57="in house"),D57,+if(or(G57="special"),D57,0))) -> 0 | M57: =iferror(vlookup(C57,Source!$A$10:$O$1488,14,0),"-") -> - | N57: =iferror(vlookup(C57,Source!$A$10:$O$1488,15,0),"-") -> - | O57: =iferror(vlookup(C57,Source!$A$10:$O$1488,5,0),0) -> 0 | P57: =if(O57>1,O57/6.5,"-") -> - | Q57: =if(O57>0,D57/O57*6.5,0) -> 0 | U57: =SUM(Q57+14) -> 14 | V57: =IFERROR(VLOOKUP(E57,WIP!$A$1:$S$1478,6,0),"-") -> - | W57: =IFERROR(VLOOKUP(E57,WIP!$A$1:$M$1478,12,0),"-") -> - | X57: =IFERROR(VLOOKUP(E57,WIP!$A$1:$M$1478,13,0),"-") -> - | Y57: =E57 -> - | Z57: =IFERROR(VLOOKUP(E57,WIP!$A$1:$K$1478,2,0),"-") -> - | AA57: =IFERROR(VLOOKUP(C57,Pack!$A$5:$G$1997,3,FALSE),"-") -> - | AB57: =IFERROR(VLOOKUP(E57,WIP!$A$1:$K$1478,11,0),"-") -> - | AC57: =IFERROR(VLOOKUP(E57,WIP!$A$1:$K$1478,7,0),"-") -> - | AD57: =IF(U57<13,J57,0) -> 0 | AE57: =IFERROR(AD57/AB57,"-") -> - | AG57: =IF(U57>13,J57,0) -> - | AH57: =IFERROR(AG57/AB57,0) -> 0
A58: B | B58: =iferror(vlookup(C58,Source!$A$10:$O$1488,3,0),"-") -> - | E58: =iferror(vlookup(C58,Source!$A$10:$O$1488,2,0),"-") -> - | F58: =iferror(vlookup(C58,Source!$A$10:$O$1488,12,0),"-") -> - | G58: =IF(H58="B","BOX LABEL",+IF(AND(H58="I"),"IN HOUSE",+IF(AND(H58="S"),"SPECIAL",+IF(AND(H58="BP"),"BUG FREE",+IF(AND(H58="A"),"Pre Labeled","-"))))) -> - | H58: =iferror(vlookup(C58,Source!$A$10:$O$1488,11,0),"-") -> - | I58: =iferror(vlookup(C58,Source!$A$10:$O$1488,7,0),"-") -> - | J58: =IFERROR(_xlfn.FLOOR.MATH(VLOOKUP(C58, Conversion!$A$1:$G$1483,7,0)*D58*1.05,10),"-") -> - | K58: =if(G58="in house",D58*4,+if(G58="bottle label",D58*4,+if(or(G58="bottle"),G58*4,0))) -> 0 | L58: =if(G58="box label",D58,+IF(or(G58="in house"),D58,+if(or(G58="special"),D58,0))) -> 0 | M58: =iferror(vlookup(C58,Source!$A$10:$O$1488,14,0),"-") -> - | N58: =iferror(vlookup(C58,Source!$A$10:$O$1488,15,0),"-") -> - | O58: =iferror(vlookup(C58,Source!$A$10:$O$1488,5,0),0) -> 0 | P58: =if(O58>1,O58/6.5,"-") -> - | Q58: =if(O58>0,D58/O58*6.5,0) -> 0 | U58: =SUM(Q58+U57) -> 14 | V58: =IFERROR(VLOOKUP(E58,WIP!$A$1:$S$1478,6,0),"-") -> - | W58: =IFERROR(VLOOKUP(E58,WIP!$A$1:$M$1478,12,0),"-") -> - | X58: =IFERROR(VLOOKUP(E58,WIP!$A$1:$M$1478,13,0),"-") -> - | Y58: =E58 -> - | Z58: =IFERROR(VLOOKUP(E58,WIP!$A$1:$K$1478,2,0),"-") -> - | AA58: =IFERROR(VLOOKUP(C58,Pack!$A$5:$G$1997,3,FALSE),"-") -> - | AB58: =IFERROR(VLOOKUP(E58,WIP!$A$1:$K$1478,11,0),"-") -> - | AC58: =IFERROR(VLOOKUP(E58,WIP!$A$1:$K$1478,7,0),"-") -> - | AD58: =IF(U58<13,J58,0) -> 0 | AE58: =IFERROR(AD58/AB58,"-") -> - | AG58: =IF(U58>13,J58,0) -> - | AH58: =IFERROR(AG58/AB58,0) -> 0
A59: C | B59: =iferror(vlookup(C59,Source!$A$10:$O$1488,3,0),"-") -> - | E59: =iferror(vlookup(C59,Source!$A$10:$O$1488,2,0),"-") -> - | F59: =iferror(vlookup(C59,Source!$A$10:$O$1488,12,0),"-") -> - | G59: =IF(H59="B","BOX LABEL",+IF(AND(H59="I"),"IN HOUSE",+IF(AND(H59="S"),"SPECIAL",+IF(AND(H59="BP"),"BUG FREE",+IF(AND(H59="A"),"Pre Labeled","-"))))) -> - | H59: =iferror(vlookup(C59,Source!$A$10:$O$1488,11,0),"-") -> - | I59: =iferror(vlookup(C59,Source!$A$10:$O$1488,7,0),"-") -> - | J59: =IFERROR(_xlfn.FLOOR.MATH(VLOOKUP(C59, Conversion!$A$1:$G$1483,7,0)*D59*1.05,10),"-") -> - | K59: =if(G59="in house",D59*4,+if(G59="bottle label",D59*4,+if(or(G59="bottle"),G59*4,0))) -> 0 | L59: =if(G59="box label",D59,+IF(or(G59="in house"),D59,+if(or(G59="special"),D59,0))) -> 0 | M59: =iferror(vlookup(C59,Source!$A$10:$O$1488,14,0),"-") -> - | N59: =iferror(vlookup(C59,Source!$A$10:$O$1488,15,0),"-") -> - | O59: 0 | P59: - | Q59: 0 | U59: =SUM(Q59+U58) -> 14 | V59: =IFERROR(VLOOKUP(E59,WIP!$A$1:$S$1478,6,0),"-") -> - | W59: =IFERROR(VLOOKUP(E59,WIP!$A$1:$M$1478,12,0),"-") -> - | X59: =IFERROR(VLOOKUP(E59,WIP!$A$1:$M$1478,13,0),"-") -> - | Y59: =E59 -> - | Z59: =IFERROR(VLOOKUP(E59,WIP!$A$1:$K$1478,2,0),"-") -> - | AA59: =IFERROR(VLOOKUP(C59,Pack!$A$5:$G$1997,3,FALSE),"-") -> - | AB59: =IFERROR(VLOOKUP(E59,WIP!$A$1:$K$1478,11,0),"-") -> - | AC59: =IFERROR(VLOOKUP(E59,WIP!$A$1:$K$1478,7,0),"-") -> - | AD59: =IF(U59<13,J59,0) -> 0 | AE59: =IFERROR(AD59/AB59,"-") -> - | AG59: =IF(U59>13,J59,0) -> - | AH59: =IFERROR(AG59/AB59,0) -> 0
A60: D | B60: =iferror(vlookup(C60,Source!$A$10:$O$1488,3,0),"-") -> - | E60: =iferror(vlookup(C60,Source!$A$10:$O$1488,2,0),"-") -> - | F60: =iferror(vlookup(C60,Source!$A$10:$O$1488,12,0),"-") -> - | G60: =IF(H60="B","BOX LABEL",+IF(AND(H60="I"),"IN HOUSE",+IF(AND(H60="S"),"SPECIAL",+IF(AND(H60="BP"),"BUG FREE",+IF(AND(H60="A"),"Pre Labeled","-"))))) -> - | H60: =iferror(vlookup(C60,Source!$A$10:$O$1488,11,0),"-") -> - | I60: =iferror(vlookup(C60,Source!$A$10:$O$1488,7,0),"-") -> - | J60: =IFERROR(_xlfn.FLOOR.MATH(VLOOKUP(C60, Conversion!$A$1:$G$1483,7,0)*D60*1.05,10),"-") -> - | K60: =if(G60="in house",D60*4,+if(G60="bottle label",D60*4,+if(or(G60="bottle"),G60*4,0))) -> 0 | L60: =if(G60="box label",D60,+IF(or(G60="in house"),D60,+if(or(G60="special"),D60,0))) -> 0 | M60: =iferror(vlookup(C60,Source!$A$10:$O$1488,14,0),"-") -> - | N60: =iferror(vlookup(C60,Source!$A$10:$O$1488,15,0),"-") -> - | O60: 0 | P60: - | Q60: 0 | U60: =SUM(Q60+U59) -> 14 | V60: =IFERROR(VLOOKUP(E60,WIP!$A$1:$S$1478,6,0),"-") -> - | W60: =IFERROR(VLOOKUP(E60,WIP!$A$1:$M$1478,12,0),"-") -> - | X60: =IFERROR(VLOOKUP(E60,WIP!$A$1:$M$1478,13,0),"-") -> - | Y60: =E60 -> - | Z60: =IFERROR(VLOOKUP(E60,WIP!$A$1:$K$1478,2,0),"-") -> - | AA60: =IFERROR(VLOOKUP(C60,Pack!$A$5:$G$1997,3,FALSE),"-") -> - | AB60: =IFERROR(VLOOKUP(E60,WIP!$A$1:$K$1478,11,0),"-") -> - | AC60: =IFERROR(VLOOKUP(E60,WIP!$A$1:$K$1478,7,0),"-") -> - | AD60: =IF(U60<13,J60,0) -> 0 | AE60: =IFERROR(AD60/AB60,"-") -> - | AG60: =IF(U60>13,J60,0) -> - | AH60: =IFERROR(AG60/AB60,0) -> 0
D61: =SUM(D7:D60) -> 3840 | J61: gl | O61: TOTAL HOURS: | Q61: =sum(Q57:Q60) -> 0 | AA61: =IFERROR(VLOOKUP(C61,Pack!$A$5:$G$1997,3,FALSE),"-") -> - | AB61: =IFERROR(VLOOKUP(E61,WIP!$A$1:$K$1478,11,0),"-") -> - | AC61: =IFERROR(VLOOKUP(E61,WIP!$A$1:$K$1478,7,0),"-") -> - | AE61: =IFERROR(AD61/AB61,"-") -> - | AH61: =IFERROR(AG61/AB61,0) -> 0
A62: Main schedule along with all workorders must be completed and returned to production control at the end of the shift | AH62: =IFERROR(AG62/AB62,0) -> 0
AH63: -
B64: Completed by:_____________________________ | H64: Reviewed by:____________________________
B67: NOTES:

Sheet 01-02
B1: PRODUCTION SCHEDULE | I1: 46024 | Q1: =R1 -> 10.987974 | R1: =SUM(Q14+Q23+Q32+Q38+Q48+Q54+Q61) -> 10.987974 | S1: =IF(R1>18,"Schedule Full") -> FALSE | AD1: =AG1-1 -> 46023 | AG1: =I1 -> 46024 | AI1: =SUM(AD4,AG4) -> 4770 | AJ1: Gallons
AD2: 1 shift | AG2: 2 shift
A3: PRIORITY | B3: Alert: All liquids MUST be filtered! NO EXCEPTIONS! | AD3: =AD4/4 -> 852.5 | AE3: =AE4/5 -> 2.202818 | AG3: =AG4/4 -> 340 | AH3: =AH4/5 -> 0.92797007
B4: Description | C4: Sku# | D4: Ordered | E4: Formula # | F4: Brand | G4: LABEL | H4: ID | I4: Haz_Info | K4: Bottle Label | L4: Box Label | M4: BOTTLE LABEL LOCATION | N4: BOX LABEL LOCATION | U4: Time | V4: Family | W4: Item Family | X4: Fragrance | Y4: WIP | Z4: Name | AA4: Pack Type | AB4: Rate | AC4: Notes | AD4: =SUM(AD7:AD63) -> 3410 | AE4: =SUM(AE7:AE63) -> 11.01409 | AG4: =SUM(AG7:AG63) -> 1360 | AH4: =SUM(AH7:AH63) -> 4.6398503
B6: Line #1 | O6: Shift Rate | P6: Hour Rate | Q6: Run Time
A7: A | B7: =iferror(vlookup(C7,Source!$A$10:$O$1488,3,0),"-") -> LOTION CLEAN SP 4/1;CASE | C7: 116604 | D7: 96 | E7: =iferror(vlookup(C7,Source!$A$10:$O$1488,2,0),"-") -> 116601 | F7: =iferror(vlookup(C7,Source!$A$10:$O$1488,12,0),"-") -> MTX | G7: =IF(H7="B","BOX LABEL",+IF(AND(H7="I"),"IN HOUSE",+IF(AND(H7="S"),"SPECIAL",+IF(AND(H7="BP"),"BUG FREE",+IF(AND(H7="A"),"Pre Labeled","-"))))) -> BOX LABEL | H7: =iferror(vlookup(C7,Source!$A$10:$O$1488,11,0),"-") -> B | I7: =iferror(vlookup(C7,Source!$A$10:$O$1488,7,0),"-") -> 0 | J7: =IFERROR(_xlfn.FLOOR.MATH(VLOOKUP(C7, Conversion!$A$1:$G$1483,7,0)*D7*1.05,10),"-") -> 400 | K7: =if(G7="in house",D7*4,+if(G7="bottle label",D7*4,+if(or(G7="bottle"),G7*4,0))) -> 0 | L7: =if(G7="box label",D7,+IF(or(G7="in house"),D7,+if(or(G7="special"),D7,0))) -> 96 | M7: =iferror(vlookup(C7,Source!$A$10:$O$1488,14,0),"-") -> 712310 | N7: =iferror(vlookup(C7,Source!$A$10:$O$1488,15,0),"-") | O7: =iferror(vlookup(C7,Source!$A$10:$O$1488,5,0),0) -> 1352.4 | P7: =if(O7>1,O7/7.67,"-") -> 176.32334 | Q7: =if(O7>0,D7/O7*7.67,0) -> 0.5444543 | U7: =IF(Q7=0,14,SUM(5)+SUM(Q7)) -> 5.5444543 | V7: =IFERROR(VLOOKUP(E7,WIP!$A$1:$S$1478,6,0),"-") -> Body & Shower | W7: =IFERROR(VLOOKUP(E7,WIP!$A$1:$M$1478,12,0),"-") -> White | X7: =IFERROR(VLOOKUP(E7,WIP!$A$1:$M$1478,13,0),"-") -> Tuscan Blood Orange | Y7: =E7 -> 116601 | Z7: =IFERROR(VLOOKUP(E7,WIP!$A$1:$K$1478,2,0),"-") -> LOTION CLEAN HAND SOAP BULK | AA7: =IFERROR(VLOOKUP(C7,Pack!$A$5:$G$1997,3,FALSE),"-") -> 9919 | AB7: =IFERROR(VLOOKUP(E7,WIP!$A$1:$K$1478,11,0),"-") -> 127.93103 | AC7: =IFERROR(VLOOKUP(E7,WIP!$A$1:$K$1478,7,0),"-") -> Base Needed | AD7: =IF(U7<13,J7,0) -> 400 | AE7: =IFERROR(AD7/AB7,"-") -> 3.1266846 | AG7: =IF(U7>13,J7,0) -> 0 | AH7: =IFERROR(AG7/AB7,0) -> 0
A8: B | B8: =iferror(vlookup(C8,Source!$A$10:$O$1488,3,0),"-") -> SYM SOPRANO PEARLIZD LIQ;HAND SOAP 4/1GL CS | C8: 116604SYM | D8: 48 | E8: =iferror(vlookup(C8,Source!$A$10:$O$1488,2,0),"-") -> 116601 | F8: =iferror(vlookup(C8,Source!$A$10:$O$1488,12,0),"-") -> SERENADE | G8: =IF(H8="B","BOX LABEL",+IF(AND(H8="I"),"IN HOUSE",+IF(AND(H8="S"),"SPECIAL",+IF(AND(H8="BP"),"BUG FREE",+IF(AND(H8="A"),"Pre Labeled","-"))))) -> IN HOUSE | H8: =iferror(vlookup(C8,Source!$A$10:$O$1488,11,0),"-") -> I | I8: =iferror(vlookup(C8,Source!$A$10:$O$1488,7,0),"-") -> 0 | J8: =IFERROR(_xlfn.FLOOR.MATH(VLOOKUP(C8, Conversion!$A$1:$G$1483,7,0)*D8*1.05,10),"-") -> 200 | K8: =if(G8="in house",D8*4,+if(G8="bottle label",D8*4,+if(or(G8="bottle"),G8*4,0))) -> 192 | L8: =if(G8="box label",D8,+IF(or(G8="in house"),D8,+if(or(G8="special"),D8,0))) -> 48 | M8: =iferror(vlookup(C8,Source!$A$10:$O$1488,14,0),"-") | N8: =iferror(vlookup(C8,Source!$A$10:$O$1488,15,0),"-") | O8: =iferror(vlookup(C8,Source!$A$10:$O$1488,5,0),0) -> 1352.4 | P8: =if(O8>1,O8/7.67,"-") -> 176.32334 | Q8: =if(O8>0,D8/O8*7.67,0) -> 0.27222715 | U8: =SUM(0.5,Q8)+SUM(U7) -> 6.3166815 | V8: =IFERROR(VLOOKUP(E8,WIP!$A$1:$S$1478,6,0),"-") -> Body & Shower | W8: =IFERROR(VLOOKUP(E8,WIP!$A$1:$M$1478,12,0),"-") -> White | X8: =IFERROR(VLOOKUP(E8,WIP!$A$1:$M$1478,13,0),"-") -> Tuscan Blood Orange | Y8: =E8 -> 116601 | Z8: =IFERROR(VLOOKUP(E8,WIP!$A$1:$K$1478,2,0),"-") -> LOTION CLEAN HAND SOAP BULK | AA8: =IFERROR(VLOOKUP(C8,Pack!$A$5:$G$1997,3,FALSE),"-") -> 9877 | AB8: =IFERROR(VLOOKUP(E8,WIP!$A$1:$K$1478,11,0),"-") -> 127.93103 | AC8: =IFERROR(VLOOKUP(E8,WIP!$A$1:$K$1478,7,0),"-") -> Base Needed | AD8: =IF(U8<13,J8,0) -> 200 | AE8: =IFERROR(AD8/AB8,"-") -> 1.5633423 | AG8: =IF(U8>13,J8,0) -> 0 | AH8: =IFERROR(AG8/AB8,0) -> 0
A9: C | B9: =iferror(vlookup(C9,Source!$A$10:$O$1488,3,0),"-") -> COCONUT BODY/SHOWER;CASE 4/1 | C9: 1966041 | D9: 192 | E9: =iferror(vlookup(C9,Source!$A$10:$O$1488,2,0),"-") -> 197601 | F9: =iferror(vlookup(C9,Source!$A$10:$O$1488,12,0),"-") -> MTX | G9: =IF(H9="B","BOX LABEL",+IF(AND(H9="I"),"IN HOUSE",+IF(AND(H9="S"),"SPECIAL",+IF(AND(H9="BP"),"BUG FREE",+IF(AND(H9="A"),"Pre Labeled","-"))))) -> - | H9: =iferror(vlookup(C9,Source!$A$10:$O$1488,11,0),"-") -> 0 | I9: =iferror(vlookup(C9,Source!$A$10:$O$1488,7,0),"-") -> 0 | J9: =IFERROR(_xlfn.FLOOR.MATH(VLOOKUP(C9, Conversion!$A$1:$G$1483,7,0)*D9*1.05,10),"-") -> 800 | K9: =if(G9="in house",D9*4,+if(G9="bottle label",D9*4,+if(or(G9="bottle"),G9*4,0))) -> 0 | L9: =if(G9="box label",D9,+IF(or(G9="in house"),D9,+if(or(G9="special"),D9,0))) -> 0 | M9: =iferror(vlookup(C9,Source!$A$10:$O$1488,14,0),"-") -> 712405 | N9: =iferror(vlookup(C9,Source!$A$10:$O$1488,15,0),"-") -> 713106 | O9: =iferror(vlookup(C9,Source!$A$10:$O$1488,5,0),0) -> 1352.4 | P9: =if(O9>1,O9/7.67,"-") -> 176.32334 | Q9: =if(O9>0,D9/O9*7.67,0) -> 1.0889086 | U9: =SUM(0.5,Q9)+SUM(U8) -> 7.9055901 | V9: =IFERROR(VLOOKUP(E9,WIP!$A$1:$S$1478,6,0),"-") -> Liq Hnd Soap | W9: =IFERROR(VLOOKUP(E9,WIP!$A$1:$M$1478,12,0),"-") -> Yellow | X9: =IFERROR(VLOOKUP(E9,WIP!$A$1:$M$1478,13,0),"-") -> Pina Colada | Y9: =E9 -> 197601 | Z9: =IFERROR(VLOOKUP(E9,WIP!$A$1:$K$1478,2,0),"-") -> MTX PINA COLADA HAND SOAP | AA9: =IFERROR(VLOOKUP(C9,Pack!$A$5:$G$1997,3,FALSE),"-") -> 9919 | AB9: =IFERROR(VLOOKUP(E9,WIP!$A$1:$K$1478,11,0),"-") -> 435.38462 | AC9: =IFERROR(VLOOKUP(E9,WIP!$A$1:$K$1478,7,0),"-") -> Base Needed | AD9: =IF(U9<13,J9,0) -> 800 | AE9: =IFERROR(AD9/AB9,"-") -> 1.8374558 | AG9: =IF(U9>13,J9,0) -> 0 | AH9: =IFERROR(AG9/AB9,0) -> 0
A10: D | B10: =iferror(vlookup(C10,Source!$A$10:$O$1488,3,0),"-") -> JR PRO HEAVY DUTY OVEN CLEANER 4/1 | C10: 113304JR | D10: 480 | E10: =iferror(vlookup(C10,Source!$A$10:$O$1488,2,0),"-") -> 113301 | F10: =iferror(vlookup(C10,Source!$A$10:$O$1488,12,0),"-") -> JUST RIGHT | G10: =IF(H10="B","BOX LABEL",+IF(AND(H10="I"),"IN HOUSE",+IF(AND(H10="S"),"SPECIAL",+IF(AND(H10="BP"),"BUG FREE",+IF(AND(H10="A"),"Pre Labeled","-"))))) -> BOX LABEL | H10: =iferror(vlookup(C10,Source!$A$10:$O$1488,11,0),"-") -> B | I10: =iferror(vlookup(C10,Source!$A$10:$O$1488,7,0),"-") -> COR-2 | J10: =IFERROR(_xlfn.FLOOR.MATH(VLOOKUP(C10, Conversion!$A$1:$G$1483,7,0)*D10*1.05,10),"-") -> 2010 | K10: =if(G10="in house",D10*4,+if(G10="bottle label",D10*4,+if(or(G10="bottle"),G10*4,0))) -> 0 | L10: =if(G10="box label",D10,+IF(or(G10="in house"),D10,+if(or(G10="special"),D10,0))) -> 480 | M10: =iferror(vlookup(C10,Source!$A$10:$O$1488,14,0),"-") -> 712002 | N10: =iferror(vlookup(C10,Source!$A$10:$O$1488,15,0),"-") | O10: =iferror(vlookup(C10,Source!$A$10:$O$1488,5,0),0) -> 1352 | P10: =if(O10>1,O10/7.67,"-") -> 176.27119 | Q10: =if(O10>0,D10/O10*7.67,0) -> 2.7230769 | U10: =SUM(0.5,Q10)+SUM(U9) -> 11.128667 | V10: =IFERROR(VLOOKUP(E10,WIP!$A$1:$S$1478,6,0),"-") -> Oven Clnr | W10: =IFERROR(VLOOKUP(E10,WIP!$A$1:$M$1478,12,0),"-") -> Brown | X10: =IFERROR(VLOOKUP(E10,WIP!$A$1:$M$1478,13,0),"-") -> No Fragrance | Y10: =E10 -> 113301 | Z10: =IFERROR(VLOOKUP(E10,WIP!$A$1:$K$1478,2,0),"-") -> JR PRO HEAVY DUTY OVEN CLNR BULK | AA10: =IFERROR(VLOOKUP(C10,Pack!$A$5:$G$1997,3,FALSE),"-") -> 99430 | AB10: =IFERROR(VLOOKUP(E10,WIP!$A$1:$K$1478,11,0),"-") -> 448 | AC10: =IFERROR(VLOOKUP(E10,WIP!$A$1:$K$1478,7,0),"-") -> - | AD10: =IF(U10<13,J10,0) -> 2010 | AE10: =IFERROR(AD10/AB10,"-") -> 4.4866071 | AG10: =IF(U10>13,J10,0) -> 0 | AH10: =IFERROR(AG10/AB10,0) -> 0
A11: E | B11: =iferror(vlookup(C11,Source!$A$10:$O$1488,3,0),"-") -> - | E11: =iferror(vlookup(C11,Source!$A$10:$O$1488,2,0),"-") -> - | F11: =iferror(vlookup(C11,Source!$A$10:$O$1488,12,0),"-") -> - | G11: =IF(H11="B","BOX LABEL",+IF(AND(H11="I"),"IN HOUSE",+IF(AND(H11="S"),"SPECIAL",+IF(AND(H11="BP"),"BUG FREE",+IF(AND(H11="A"),"Pre Labeled","-"))))) -> - | H11: =iferror(vlookup(C11,Source!$A$10:$O$1488,11,0),"-") -> - | I11: =iferror(vlookup(C11,Source!$A$10:$O$1488,7,0),"-") -> - | J11: =IFERROR(_xlfn.FLOOR.MATH(VLOOKUP(C11, Conversion!$A$1:$G$1483,7,0)*D11*1.05,10),"-") -> - | K11: =if(G11="in house",D11*4,+if(G11="bottle label",D11*4,+if(or(G11="bottle"),G11*4,0))) -> 0 | L11: =if(G11="box label",D11,+IF(or(G11="in house"),D11,+if(or(G11="special"),D11,0))) -> 0 | M11: =iferror(vlookup(C11,Source!$A$10:$O$1488,14,0),"-") -> - | N11: =iferror(vlookup(C11,Source!$A$10:$O$1488,15,0),"-") -> - | O11: =iferror(vlookup(C11,Source!$A$10:$O$1488,5,0),0) -> 0 | P11: =if(O11>1,O11/7.67,"-") -> - | Q11: =if(O11>0,D11/O11*7.67,0) -> 0 | U11: =SUM(0.5,Q11)+SUM(U10) -> 11.628667 | V11: =IFERROR(VLOOKUP(E11,WIP!$A$1:$S$1478,6,0),"-") -> - | W11: =IFERROR(VLOOKUP(E11,WIP!$A$1:$M$1478,12,0),"-") -> - | X11: =IFERROR(VLOOKUP(E11,WIP!$A$1:$M$1478,13,0),"-") -> - | Y11: =E11 -> - | Z11: =IFERROR(VLOOKUP(E11,WIP!$A$1:$K$1478,2,0),"-") -> - | AA11: =IFERROR(VLOOKUP(C11,Pack!$A$5:$G$1997,3,FALSE),"-") -> - | AB11: =IFERROR(VLOOKUP(E11,WIP!$A$1:$K$1478,11,0),"-") -> - | AC11: =IFERROR(VLOOKUP(E11,WIP!$A$1:$K$1478,7,0),"-") -> - | AD11: =IF(U11<13,J11,0) -> - | AE11: =IFERROR(AD11/AB11,"-") -> - | AG11: =IF(U11>13,J11,0) -> 0 | AH11: =IFERROR(AG11/AB11,0) -> 0
E12: =iferror(vlookup(C12,Source!$A$10:$O$1488,2,0),"-") -> - | F12: =iferror(vlookup(C12,Source!$A$10:$O$1488,12,0),"-") -> - | G12: =IF(H12="B","BOX LABEL",+IF(AND(H12="I"),"IN HOUSE",+IF(AND(H12="S"),"SPECIAL",+IF(AND(H12="BP"),"BUG FREE",+IF(AND(H12="A"),"Pre Labeled","-"))))) -> - | H12: =iferror(vlookup(C12,Source!$A$10:$O$1488,11,0),"-") -> - | I12: =iferror(vlookup(C12,Source!$A$10:$O$1488,7,0),"-") -> - | J12: =IFERROR(_xlfn.FLOOR.MATH(VLOOKUP(C12, Conversion!$A$1:$G$1483,7,0)*D12*1.05,10),"-") -> - | K12: =if(G12="in house",D12*4,+if(G12="bottle label",D12*4,+if(or(G12="bottle"),G12*4,0))) -> 0 | L12: =if(G12="box label",D12,+IF(or(G12="in house"),D12,+if(or(G12="special"),D12,0))) -> 0 | M12: =iferror(vlookup(C12,Source!$A$10:$O$1488,14,0),"-") -> - | N12: =iferror(vlookup(C12,Source!$A$10:$O$1488,15,0),"-") -> - | O12: =iferror(vlookup(C12,Source!$A$10:$O$1488,5,0),0) -> 0 | P12: =if(O12>1,O12/7.67,"-") -> - | Q12: =if(O12>0,D12/O12*7.67,0) -> 0 | U12: =SUM(0.5,Q12)+SUM(U11) -> 12.128667 | V12: =IFERROR(VLOOKUP(E12,WIP!$A$1:$S$1478,6,0),"-") -> - | W12: =IFERROR(VLOOKUP(E12,WIP!$A$1:$M$1478,12,0),"-") -> - | X12: =IFERROR(VLOOKUP(E12,WIP!$A$1:$M$1478,13,0),"-") -> - | Y12: =E12 -> - | Z12: =IFERROR(VLOOKUP(E12,WIP!$A$1:$K$1478,2,0),"-") -> - | AA12: =IFERROR(VLOOKUP(C12,Pack!$A$5:$G$1997,3,FALSE),"-") -> - | AB12: =IFERROR(VLOOKUP(E12,WIP!$A$1:$K$1478,11,0),"-") -> - | AC12: =IFERROR(VLOOKUP(E12,WIP!$A$1:$K$1478,7,0),"-") -> - | AD12: =IF(U12<13,J12,0) -> - | AE12: =IFERROR(AD12/AB12,"-") -> - | AG12: =IF(U12>13,J12,0) -> 0 | AH12: =IFERROR(AG12/AB12,0) -> 0
U13: =SUM(0.5,Q13)+SUM(U12) -> 12.628667 | V13: =IFERROR(VLOOKUP(E13,WIP!$A$1:$S$1478,6,0),"-") -> - | W13: =IFERROR(VLOOKUP(E13,WIP!$A$1:$M$1478,12,0),"-") -> - | X13: =IFERROR(VLOOKUP(E13,WIP!$A$1:$M$1478,13,0),"-") -> - | Y13: =E13 | Z13: =IFERROR(VLOOKUP(E13,WIP!$A$1:$K$1478,2,0),"-") -> - | AA13: =IFERROR(VLOOKUP(C13,Pack!$A$5:$G$1997,3,FALSE),"-") -> - | AB13: =IFERROR(VLOOKUP(E13,WIP!$A$1:$K$1478,11,0),"-") -> - | AC13: =IFERROR(VLOOKUP(E13,WIP!$A$1:$K$1478,7,0),"-") -> - | AD13: =IF(U13<13,J13,0) | AE13: =IFERROR(AD13/AB13,"-") -> - | AG13: =IF(U13>13,J13,0) -> 0 | AH13: =IFERROR(AG13/AB13,0) -> 0
O14: TOTAL HOURS: | Q14: =SUM(Q7:Q12) -> 4.628667 | V14: =IFERROR(VLOOKUP(E14,WIP!$A$1:$S$1478,6,0),"-") -> - | W14: =IFERROR(VLOOKUP(E14,WIP!$A$1:$M$1478,12,0),"-") -> - | X14: =IFERROR(VLOOKUP(E14,WIP!$A$1:$M$1478,13,0),"-") -> - | Y14: =E14 | Z14: =IFERROR(VLOOKUP(E14,WIP!$A$1:$K$1478,2,0),"-") -> - | AA14: =IFERROR(VLOOKUP(C14,Pack!$A$5:$G$1997,3,FALSE),"-") -> - | AB14: =IFERROR(VLOOKUP(E14,WIP!$A$1:$K$1478,11,0),"-") -> - | AC14: =IFERROR(VLOOKUP(E14,WIP!$A$1:$K$1478,7,0),"-") -> - | AD14: =IF(U14<13,J14,0) | AE14: =IFERROR(AD14/AB14,"-") -> - | AG14: =IF(U14>13,J14,0) -> 0 | AH14: =IFERROR(AG14/AB14,0) -> 0
O15: IDLE HOURS | Q15: =24-Q14 -> 19.371333 | V15: =IFERROR(VLOOKUP(E15,WIP!$A$1:$S$1478,6,0),"-") -> - | W15: =IFERROR(VLOOKUP(E15,WIP!$A$1:$M$1478,12,0),"-") -> - | X15: =IFERROR(VLOOKUP(E15,WIP!$A$1:$M$1478,13,0),"-") -> - | Y15: =E15 | Z15: =IFERROR(VLOOKUP(E15,WIP!$A$1:$K$1478,2,0),"-") -> - | AA15: =IFERROR(VLOOKUP(C15,Pack!$A$5:$G$1997,3,FALSE),"-") -> - | AB15: =IFERROR(VLOOKUP(E15,WIP!$A$1:$K$1478,11,0),"-") -> - | AC15: =IFERROR(VLOOKUP(E15,WIP!$A$1:$K$1478,7,0),"-") -> - | AD15: =IF(U15<13,J15,0) | AE15: =IFERROR(AD15/AB15,"-") -> - | AG15: =IF(U15>13,J15,0) -> 0 | AH15: =IFERROR(AG15/AB15,0) -> 0
B16: Line #6 | V16: =IFERROR(VLOOKUP(E16,WIP!$A$1:$S$1478,6,0),"-") -> - | W16: =IFERROR(VLOOKUP(E16,WIP!$A$1:$M$1478,12,0),"-") -> - | X16: =IFERROR(VLOOKUP(E16,WIP!$A$1:$M$1478,13,0),"-") -> - | Y16: =E16 | Z16: =IFERROR(VLOOKUP(E16,WIP!$A$1:$K$1478,2,0),"-") -> - | AA16: =IFERROR(VLOOKUP(C16,Pack!$A$5:$G$1997,3,FALSE),"-") -> - | AB16: =IFERROR(VLOOKUP(E16,WIP!$A$1:$K$1478,11,0),"-") -> - | AC16: =IFERROR(VLOOKUP(E16,WIP!$A$1:$K$1478,7,0),"-") -> - | AD16: =IF(U16<13,J16,0) | AE16: =IFERROR(AD16/AB16,"-") -> - | AG16: =IF(U16>13,J16,0) -> 0 | AH16: =IFERROR(AG16/AB16,0) -> 0
A17: A | B17: =iferror(vlookup(C17,Source!$A$10:$O$1488,3,0),"-") -> - | E17: =iferror(vlookup(C17,Source!$A$10:$O$1488,2,0),"-") -> - | F17: =iferror(vlookup(C17,Source!$A$10:$O$1488,12,0),"-") -> - | G17: =IF(H17="B","BOX LABEL",+IF(AND(H17="I"),"IN HOUSE",+IF(AND(H17="S"),"SPECIAL",+IF(AND(H17="BP"),"BUG FREE",+IF(AND(H17="A"),"Pre Labeled","-"))))) -> - | H17: =iferror(vlookup(C17,Source!$A$10:$O$1488,11,0),"-") -> - | I17: =iferror(vlookup(C17,Source!$A$10:$O$1488,7,0),"-") -> - | J17: =IFERROR(_xlfn.FLOOR.MATH(VLOOKUP(C17, Conversion!$A$1:$G$1483,7,0)*D17*1.05,10),"-") -> - | K17: =if(G17="in house",D17*4,+if(G17="bottle label",D17*4,+if(or(G17="bottle"),G17*4,0))) -> 0 | L17: =if(G17="box label",D17,+IF(or(G17="in house"),D17,+if(or(G17="special"),D17,0))) -> 0 | M17: =iferror(vlookup(C17,Source!$A$10:$O$1488,14,0),"-") -> - | N17: =iferror(vlookup(C17,Source!$A$10:$O$1488,15,0),"-") -> - | O17: =iferror(vlookup(C17,Source!$A$10:$O$1488,5,0),0) -> 0 | P17: =if(O17>1,O17/6.5,"-") -> - | Q17: =if(O17>0,D17/O17*6.5,0) -> 0 | U17: =IF(Q17=0,14,SUM(5)+SUM(Q17)) -> 14 | V17: =IFERROR(VLOOKUP(E17,WIP!$A$1:$S$1478,6,0),"-") -> - | W17: =IFERROR(VLOOKUP(E17,WIP!$A$1:$M$1478,12,0),"-") -> - | X17: =IFERROR(VLOOKUP(E17,WIP!$A$1:$M$1478,13,0),"-") -> - | Y17: =E17 -> - | Z17: =IFERROR(VLOOKUP(E17,WIP!$A$1:$K$1478,2,0),"-") -> - | AA17: =IFERROR(VLOOKUP(C17,Pack!$A$5:$G$1997,3,FALSE),"-") -> - | AB17: =IFERROR(VLOOKUP(E17,WIP!$A$1:$K$1478,11,0),"-") -> - | AC17: =IFERROR(VLOOKUP(E17,WIP!$A$1:$K$1478,7,0),"-") -> - | AD17: =IF(U17<13,J17,0) -> 0 | AE17: =IFERROR(AD17/AB17,"-") -> - | AG17: =IF(U17>13,J17,0) -> - | AH17: =IFERROR(AG17/AB17,0) -> 0
A18: B | B18: =iferror(vlookup(C18,Source!$A$10:$O$1488,3,0),"-") -> - | E18: =iferror(vlookup(C18,Source!$A$10:$O$1488,2,0),"-") -> - | F18: =iferror(vlookup(C18,Source!$A$10:$O$1488,12,0),"-") -> - | G18: =IF(H18="B","BOX LABEL",+IF(AND(H18="I"),"IN HOUSE",+IF(AND(H18="S"),"SPECIAL",+IF(AND(H18="BP"),"BUG FREE",+IF(AND(H18="A"),"Pre Labeled","-"))))) -> - | H18: =iferror(vlookup(C18,Source!$A$10:$O$1488,11,0),"-") -> - | I18: =iferror(vlookup(C18,Source!$A$10:$O$1488,7,0),"-") -> - | J18: =IFERROR(_xlfn.FLOOR.MATH(VLOOKUP(C18, Conversion!$A$1:$G$1483,7,0)*D18*1.05,10),"-") -> - | K18: =if(G18="in house",D18*4,+if(G18="bottle label",D18*4,+if(or(G18="bottle"),G18*4,0))) -> 0 | L18: =if(G18="box label",D18,+IF(or(G18="in house"),D18,+if(or(G18="special"),D18,0))) -> 0 | M18: =iferror(vlookup(C18,Source!$A$10:$O$1488,14,0),"-") -> - | N18: =iferror(vlookup(C18,Source!$A$10:$O$1488,15,0),"-") -> - | O18: =iferror(vlookup(C18,Source!$A$10:$O$1488,5,0),0) -> 0 | P18: =if(O18>1,O18/6.5,"-") -> - | Q18: =if(O18>0,D18/O18*6.5,0) -> 0 | U18: =SUM(0.5,Q18)+SUM(U17) -> 14.5 | V18: =IFERROR(VLOOKUP(E18,WIP!$A$1:$S$1478,6,0),"-") -> - | W18: =IFERROR(VLOOKUP(E18,WIP!$A$1:$M$1478,12,0),"-") -> - | X18: =IFERROR(VLOOKUP(E18,WIP!$A$1:$M$1478,13,0),"-") -> - | Y18: =E18 -> - | Z18: =IFERROR(VLOOKUP(E18,WIP!$A$1:$K$1478,2,0),"-") -> - | AA18: =IFERROR(VLOOKUP(C18,Pack!$A$5:$G$1997,3,FALSE),"-") -> - | AB18: =IFERROR(VLOOKUP(E18,WIP!$A$1:$K$1478,11,0),"-") -> - | AC18: =IFERROR(VLOOKUP(E18,WIP!$A$1:$K$1478,7,0),"-") -> - | AD18: =IF(U18<13,J18,0) -> 0 | AE18: =IFERROR(AD18/AB18,"-") -> - | AG18: =IF(U18>13,J18,0) -> - | AH18: =IFERROR(AG18/AB18,0) -> 0
A19: C | B19: =iferror(vlookup(C19,Source!$A$10:$O$1488,3,0),"-") -> - | E19: =iferror(vlookup(C19,Source!$A$10:$O$1488,2,0),"-") -> - | F19: =iferror(vlookup(C19,Source!$A$10:$O$1488,12,0),"-") -> - | G19: =IF(H19="B","BOX LABEL",+IF(AND(H19="I"),"IN HOUSE",+IF(AND(H19="S"),"SPECIAL",+IF(AND(H19="BP"),"BUG FREE",+IF(AND(H19="A"),"Pre Labeled","-"))))) -> - | H19: =iferror(vlookup(C19,Source!$A$10:$O$1488,11,0),"-") -> - | I19: =iferror(vlookup(C19,Source!$A$10:$O$1488,7,0),"-") -> - | J19: =IFERROR(_xlfn.FLOOR.MATH(VLOOKUP(C19, Conversion!$A$1:$G$1483,7,0)*D19*1.05,10),"-") -> - | K19: =if(G19="in house",D19*4,+if(G19="bottle label",D19*4,+if(or(G19="bottle"),G19*4,0))) -> 0 | L19: =if(G19="box label",D19,+IF(or(G19="in house"),D19,+if(or(G19="special"),D19,0))) -> 0 | M19: =iferror(vlookup(C19,Source!$A$10:$O$1488,14,0),"-") -> - | N19: =iferror(vlookup(C19,Source!$A$10:$O$1488,15,0),"-") -> - | O19: =iferror(vlookup(C19,Source!$A$10:$O$1488,5,0),0) -> 0 | P19: =if(O19>1,O19/6.5,"-") -> - | Q19: =if(O19>0,D19/O19*6.5,0) -> 0 | U19: =SUM(0.5,Q19)+SUM(U18) -> 15 | V19: =IFERROR(VLOOKUP(E19,WIP!$A$1:$S$1478,6,0),"-") -> - | W19: =IFERROR(VLOOKUP(E19,WIP!$A$1:$M$1478,12,0),"-") -> - | X19: =IFERROR(VLOOKUP(E19,WIP!$A$1:$M$1478,13,0),"-") -> - | Y19: =E19 -> - | Z19: =IFERROR(VLOOKUP(E19,WIP!$A$1:$K$1478,2,0),"-") -> - | AA19: =IFERROR(VLOOKUP(C19,Pack!$A$5:$G$1997,3,FALSE),"-") -> - | AB19: =IFERROR(VLOOKUP(E19,WIP!$A$1:$K$1478,11,0),"-") -> - | AC19: =IFERROR(VLOOKUP(E19,WIP!$A$1:$K$1478,7,0),"-") -> - | AD19: =IF(U19<13,J19,0) -> 0 | AE19: =IFERROR(AD19/AB19,"-") -> - | AG19: =IF(U19>13,J19,0) -> - | AH19: =IFERROR(AG19/AB19,0) -> 0
A20: D | B20: =iferror(vlookup(C20,Source!$A$10:$O$1488,3,0),"-") -> - | E20: =iferror(vlookup(C20,Source!$A$10:$O$1488,2,0),"-") -> - | F20: =iferror(vlookup(C20,Source!$A$10:$O$1488,12,0),"-") -> - | G20: =IF(H20="B","BOX LABEL",+IF(AND(H20="I"),"IN HOUSE",+IF(AND(H20="S"),"SPECIAL",+IF(AND(H20="BP"),"BUG FREE",+IF(AND(H20="A"),"Pre Labeled","-"))))) -> - | H20: =iferror(vlookup(C20,Source!$A$10:$O$1488,11,0),"-") -> - | I20: =iferror(vlookup(C20,Source!$A$10:$O$1488,7,0),"-") -> - | J20: =IFERROR(_xlfn.FLOOR.MATH(VLOOKUP(C20, Conversion!$A$1:$G$1483,7,0)*D20*1.05,10),"-") -> - | K20: =if(G20="in house",D20*4,+if(G20="bottle label",D20*4,+if(or(G20="bottle"),G20*4,0))) -> 0 | L20: =if(G20="box label",D20,+IF(or(G20="in house"),D20,+if(or(G20="special"),D20,0))) -> 0 | M20: =iferror(vlookup(C20,Source!$A$10:$O$1488,14,0),"-") -> - | N20: =iferror(vlookup(C20,Source!$A$10:$O$1488,15,0),"-") -> - | O20: =iferror(vlookup(C20,Source!$A$10:$O$1488,5,0),0) -> 0 | P20: =if(O20>1,O20/6.5,"-") -> - | Q20: =if(O20>0,D20/O20*6.5,0) -> 0 | U20: =SUM(0.5,Q20)+SUM(U19) -> 15.5 | V20: =IFERROR(VLOOKUP(E20,WIP!$A$1:$S$1478,6,0),"-") -> - | W20: =IFERROR(VLOOKUP(E20,WIP!$A$1:$M$1478,12,0),"-") -> - | X20: =IFERROR(VLOOKUP(E20,WIP!$A$1:$M$1478,13,0),"-") -> - | Y20: =E20 -> - | Z20: =IFERROR(VLOOKUP(E20,WIP!$A$1:$K$1478,2,0),"-") -> - | AA20: =IFERROR(VLOOKUP(C20,Pack!$A$5:$G$1997,3,FALSE),"-") -> - | AB20: =IFERROR(VLOOKUP(E20,WIP!$A$1:$K$1478,11,0),"-") -> - | AC20: =IFERROR(VLOOKUP(E20,WIP!$A$1:$K$1478,7,0),"-") -> - | AD20: =IF(U20<13,J20,0) -> 0 | AE20: =IFERROR(AD20/AB20,"-") -> - | AG20: =IF(U20>13,J20,0) -> - | AH20: =IFERROR(AG20/AB20,0) -> 0
A21: E | B21: =iferror(vlookup(C21,Source!$A$10:$O$1488,3,0),"-") -> - | E21: =iferror(vlookup(C21,Source!$A$10:$O$1488,2,0),"-") -> - | F21: =iferror(vlookup(C21,Source!$A$10:$O$1488,12,0),"-") -> - | G21: =IF(H21="B","BOX LABEL",+IF(AND(H21="I"),"IN HOUSE",+IF(AND(H21="S"),"SPECIAL",+IF(AND(H21="BP"),"BUG FREE",+IF(AND(H21="A"),"Pre Labeled","-"))))) -> - | H21: =iferror(vlookup(C21,Source!$A$10:$O$1488,11,0),"-") -> - | I21: =iferror(vlookup(C21,Source!$A$10:$O$1488,7,0),"-") -> - | J21: =IFERROR(_xlfn.FLOOR.MATH(VLOOKUP(C21, Conversion!$A$1:$G$1483,7,0)*D21*1.05,10),"-") -> - | K21: =if(G21="in house",D21*4,+if(G21="bottle label",D21*4,+if(or(G21="bottle"),G21*4,0))) -> 0 | L21: =if(G21="box label",D21,+IF(or(G21="in house"),D21,+if(or(G21="special"),D21,0))) -> 0 | M21: =iferror(vlookup(C21,Source!$A$10:$O$1488,14,0),"-") -> - | N21: =iferror(vlookup(C21,Source!$A$10:$O$1488,15,0),"-") -> - | O21: =iferror(vlookup(C21,Source!$A$10:$O$1488,5,0),0) -> 0 | P21: =if(O21>1,O21/6.5,"-") -> - | Q21: =if(O21>0,D21/O21*6.5,0) -> 0 | U21: =SUM(0.5,Q21)+SUM(U20) -> 16 | V21: =IFERROR(VLOOKUP(E21,WIP!$A$1:$S$1478,6,0),"-") -> - | W21: =IFERROR(VLOOKUP(E21,WIP!$A$1:$M$1478,12,0),"-") -> - | X21: =IFERROR(VLOOKUP(E21,WIP!$A$1:$M$1478,13,0),"-") -> - | Y21: =E21 -> - | Z21: =IFERROR(VLOOKUP(E21,WIP!$A$1:$K$1478,2,0),"-") -> - | AA21: =IFERROR(VLOOKUP(C21,Pack!$A$5:$G$1997,3,FALSE),"-") -> - | AB21: =IFERROR(VLOOKUP(E21,WIP!$A$1:$K$1478,11,0),"-") -> - | AC21: =IFERROR(VLOOKUP(E21,WIP!$A$1:$K$1478,7,0),"-") -> - | AD21: =IF(U21<13,J21,0) -> 0 | AE21: =IFERROR(AD21/AB21,"-") -> - | AG21: =IF(U21>13,J21,0) -> - | AH21: =IFERROR(AG21/AB21,0) -> 0
U22: =SUM(0.5,Q22)+SUM(U21) -> 16.5 | V22: =IFERROR(VLOOKUP(E22,WIP!$A$1:$S$1478,6,0),"-") -> - | W22: =IFERROR(VLOOKUP(E22,WIP!$A$1:$M$1478,12,0),"-") -> - | X22: =IFERROR(VLOOKUP(E22,WIP!$A$1:$M$1478,13,0),"-") -> - | Y22: =E22 | Z22: =IFERROR(VLOOKUP(E22,WIP!$A$1:$K$1478,2,0),"-") -> - | AA22: =IFERROR(VLOOKUP(C22,Pack!$A$5:$G$1997,3,FALSE),"-") -> - | AB22: =IFERROR(VLOOKUP(E22,WIP!$A$1:$K$1478,11,0),"-") -> - | AC22: =IFERROR(VLOOKUP(E22,WIP!$A$1:$K$1478,7,0),"-") -> - | AD22: =IF(U22<13,J22,0) -> 0 | AE22: =IFERROR(AD22/AB22,"-") -> - | AG22: =IF(U22>13,J22,0) | AH22: =IFERROR(AG22/AB22,0) -> 0
J23: gl | O23: TOTAL HOURS: | Q23: =SUM(Q17:Q21) -> 0 | U23: =SUM(0.5,Q23)+SUM(U22) -> 17 | V23: =IFERROR(VLOOKUP(E23,WIP!$A$1:$S$1478,6,0),"-") -> - | W23: =IFERROR(VLOOKUP(E23,WIP!$A$1:$M$1478,12,0),"-") -> - | X23: =IFERROR(VLOOKUP(E23,WIP!$A$1:$M$1478,13,0),"-") -> - | Y23: =E23 | Z23: =IFERROR(VLOOKUP(E23,WIP!$A$1:$K$1478,2,0),"-") -> - | AA23: =IFERROR(VLOOKUP(C23,Pack!$A$5:$G$1997,3,FALSE),"-") -> - | AB23: =IFERROR(VLOOKUP(E23,WIP!$A$1:$K$1478,11,0),"-") -> - | AC23: =IFERROR(VLOOKUP(E23,WIP!$A$1:$K$1478,7,0),"-") -> - | AE23: =IFERROR(AD23/AB23,"-") -> - | AG23: =IF(U23>13,J23,0) -> gl | AH23: =IFERROR(AG23/AB23,0) -> 0
O24: IDLE HOURS | Q24: =24-Q23 -> 24 | V24: =IFERROR(VLOOKUP(E24,WIP!$A$1:$S$1478,6,0),"-") -> - | W24: =IFERROR(VLOOKUP(E24,WIP!$A$1:$M$1478,12,0),"-") -> - | X24: =IFERROR(VLOOKUP(E24,WIP!$A$1:$M$1478,13,0),"-") -> - | Y24: =E24 | Z24: =IFERROR(VLOOKUP(E24,WIP!$A$1:$K$1478,2,0),"-") -> - | AA24: =IFERROR(VLOOKUP(C24,Pack!$A$5:$G$1997,3,FALSE),"-") -> - | AB24: =IFERROR(VLOOKUP(E24,WIP!$A$1:$K$1478,11,0),"-") -> - | AC24: =IFERROR(VLOOKUP(E24,WIP!$A$1:$K$1478,7,0),"-") -> - | AD24: =IF(U24<13,J24,0) | AE24: =IFERROR(AD24/AB24,"-") -> - | AG24: =IF(U24>13,J24,0) -> 0 | AH24: =IFERROR(AG24/AB24,0) -> 0
B25: Line #2 | U25: =IF(Q25=0,14,SUM(5)+SUM(Q25)) -> 14 | V25: =IFERROR(VLOOKUP(E25,WIP!$A$1:$S$1478,6,0),"-") -> - | W25: =IFERROR(VLOOKUP(E25,WIP!$A$1:$M$1478,12,0),"-") -> - | X25: =IFERROR(VLOOKUP(E25,WIP!$A$1:$M$1478,13,0),"-") -> - | Y25: =E25 | Z25: =IFERROR(VLOOKUP(E25,WIP!$A$1:$K$1478,2,0),"-") -> - | AA25: =IFERROR(VLOOKUP(C25,Pack!$A$5:$G$1997,3,FALSE),"-") -> - | AB25: =IFERROR(VLOOKUP(E25,WIP!$A$1:$K$1478,11,0),"-") -> - | AC25: =IFERROR(VLOOKUP(E25,WIP!$A$1:$K$1478,7,0),"-") -> - | AD25: =IF(U25<13,J25,0) -> 0 | AE25: =IFERROR(AD25/AB25,"-") -> - | AG25: =IF(U25>13,J25,0) | AH25: =IFERROR(AG25/AB25,0) -> 0
A26: A | B26: =iferror(vlookup(C26,Source!$A$10:$O$1488,3,0),"-") -> FIRST STREET TUB & TILE;CLEANER 12/1QT CS | C26: 140232SF | D26: 96 | E26: =iferror(vlookup(C26,Source!$A$10:$O$1488,2,0),"-") -> 140201 | F26: =iferror(vlookup(C26,Source!$A$10:$O$1488,12,0),"-") -> SMAR&F | G26: =IF(H26="B","BOX LABEL",+IF(AND(H26="I"),"IN HOUSE",+IF(AND(H26="S"),"SPECIAL",+IF(AND(H26="BP"),"BUG FREE",+IF(AND(H26="A"),"Pre Labeled","-"))))) -> - | H26: =iferror(vlookup(C26,Source!$A$10:$O$1488,11,0),"-") -> 0 | I26: =iferror(vlookup(C26,Source!$A$10:$O$1488,7,0),"-") -> LIMITED Q. | J26: =IFERROR(_xlfn.FLOOR.MATH(VLOOKUP(C26, Conversion!$A$1:$G$1483,7,0)*D26*1.05,10),"-") -> 300 | K26: =if(G26="in house",D26*4,+if(G26="bottle label",D26*4,+if(or(G26="bottle"),G26*4,0))) -> 0 | L26: =if(G26="box label",D26,+IF(or(G26="in house"),D26,+if(or(G26="special"),D26,0))) -> 0 | M26: =iferror(vlookup(C26,Source!$A$10:$O$1488,14,0),"-") -> 200233 | N26: =iferror(vlookup(C26,Source!$A$10:$O$1488,15,0),"-") -> 714605 | O26: =iferror(vlookup(C26,Source!$A$10:$O$1488,5,0),0) -> 440 | P26: =if(O26>1,O26/6.5,"-") -> 67.692308 | Q26: =if(O26>0,D26/O26*6.5,0) -> 1.4181818 | U26: =SUM(0.5,Q26)+SUM(U25) -> 15.918182 | V26: =IFERROR(VLOOKUP(E26,WIP!$A$1:$S$1478,6,0),"-") -> RR Cleaner | W26: =IFERROR(VLOOKUP(E26,WIP!$A$1:$M$1478,12,0),"-") -> Blue | X26: =IFERROR(VLOOKUP(E26,WIP!$A$1:$M$1478,13,0),"-") -> 0 | Y26: =E26 -> 140201 | Z26: =IFERROR(VLOOKUP(E26,WIP!$A$1:$K$1478,2,0),"-") -> FS TUB & TILE CLNR BULK | AA26: =IFERROR(VLOOKUP(C26,Pack!$A$5:$G$1997,3,FALSE),"-") -> 9904 | AB26: =IFERROR(VLOOKUP(E26,WIP!$A$1:$K$1478,11,0),"-") -> 362.4 | AC26: =IFERROR(VLOOKUP(E26,WIP!$A$1:$K$1478,7,0),"-") -> - | AD26: =IF(U26<13,J26,0) -> 0 | AE26: =IFERROR(AD26/AB26,"-") -> 0 | AG26: =IF(U26>13,J26,0) -> 300 | AH26: =IFERROR(AG26/AB26,0) -> 0.82781457
A27: B | B27: =iferror(vlookup(C27,Source!$A$10:$O$1488,3,0),"-") -> FIRST STREET ORANGE;CLEANER 12/1QT CS | C27: 163032SF | D27: 96 | E27: =iferror(vlookup(C27,Source!$A$10:$O$1488,2,0),"-") -> 163001 | F27: =iferror(vlookup(C27,Source!$A$10:$O$1488,12,0),"-") -> SMART&F | G27: =IF(H27="B","BOX LABEL",+IF(AND(H27="I"),"IN HOUSE",+IF(AND(H27="S"),"SPECIAL",+IF(AND(H27="BP"),"BUG FREE",+IF(AND(H27="A"),"Pre Labeled","-"))))) -> - | H27: =iferror(vlookup(C27,Source!$A$10:$O$1488,11,0),"-") -> 0 | I27: =iferror(vlookup(C27,Source!$A$10:$O$1488,7,0),"-") -> 0 | J27: =IFERROR(_xlfn.FLOOR.MATH(VLOOKUP(C27, Conversion!$A$1:$G$1483,7,0)*D27*1.05,10),"-") -> 300 | K27: =if(G27="in house",D27*4,+if(G27="bottle label",D27*4,+if(or(G27="bottle"),G27*4,0))) -> 0 | L27: =if(G27="box label",D27,+IF(or(G27="in house"),D27,+if(or(G27="special"),D27,0))) -> 0 | M27: =iferror(vlookup(C27,Source!$A$10:$O$1488,14,0),"-") -> 200234 | N27: =iferror(vlookup(C27,Source!$A$10:$O$1488,15,0),"-") -> 714606 | O27: =iferror(vlookup(C27,Source!$A$10:$O$1488,5,0),0) -> 440 | P27: =if(O27>1,O27/6.5,"-") -> 67.692308 | Q27: =if(O27>0,D27/O27*6.5,0) -> 1.4181818 | U27: =SUM(0.5,Q27)+SUM(U26) -> 17.836364 | V27: =IFERROR(VLOOKUP(E27,WIP!$A$1:$S$1478,6,0),"-") -> Specialty Clnr | W27: =IFERROR(VLOOKUP(E27,WIP!$A$1:$M$1478,12,0),"-") -> Orange | X27: =IFERROR(VLOOKUP(E27,WIP!$A$1:$M$1478,13,0),"-") -> Citrus | Y27: =E27 -> 163001 | Z27: =IFERROR(VLOOKUP(E27,WIP!$A$1:$K$1478,2,0),"-") -> FS. ORANGE CLNR BULK | AA27: =IFERROR(VLOOKUP(C27,Pack!$A$5:$G$1997,3,FALSE),"-") -> 9902 | AB27: =IFERROR(VLOOKUP(E27,WIP!$A$1:$K$1478,11,0),"-") -> 266.33333 | AC27: =IFERROR(VLOOKUP(E27,WIP!$A$1:$K$1478,7,0),"-") -> - | AD27: =IF(U27<13,J27,0) -> 0 | AE27: =IFERROR(AD27/AB27,"-") -> 0 | AG27: =IF(U27>13,J27,0) -> 300 | AH27: =IFERROR(AG27/AB27,0) -> 1.126408
A28: C | B28: =iferror(vlookup(C28,Source!$A$10:$O$1488,3,0),"-") -> FIRST STREET ALL-PURPOSE;CLEANER 12/1QT CS | C28: 115232SF | D28: 96 | E28: =iferror(vlookup(C28,Source!$A$10:$O$1488,2,0),"-") -> 115201 | F28: =iferror(vlookup(C28,Source!$A$10:$O$1488,12,0),"-") -> SMART&F | G28: =IF(H28="B","BOX LABEL",+IF(AND(H28="I"),"IN HOUSE",+IF(AND(H28="S"),"SPECIAL",+IF(AND(H28="BP"),"BUG FREE",+IF(AND(H28="A"),"Pre Labeled","-"))))) -> - | H28: =iferror(vlookup(C28,Source!$A$10:$O$1488,11,0),"-") -> 0 | I28: =iferror(vlookup(C28,Source!$A$10:$O$1488,7,0),"-") -> 0 | J28: =IFERROR(_xlfn.FLOOR.MATH(VLOOKUP(C28, Conversion!$A$1:$G$1483,7,0)*D28*1.05,10),"-") -> 300 | K28: =if(G28="in house",D28*4,+if(G28="bottle label",D28*4,+if(or(G28="bottle"),G28*4,0))) -> 0 | L28: =if(G28="box label",D28,+IF(or(G28="in house"),D28,+if(or(G28="special"),D28,0))) -> 0 | M28: =iferror(vlookup(C28,Source!$A$10:$O$1488,14,0),"-") -> 200231 | N28: =iferror(vlookup(C28,Source!$A$10:$O$1488,15,0),"-") -> 714604 | O28: =iferror(vlookup(C28,Source!$A$10:$O$1488,5,0),0) -> 440 | P28: =if(O28>1,O28/6.5,"-") -> 67.692308 | Q28: =if(O28>0,D28/O28*6.5,0) -> 1.4181818 | U28: =SUM(0.5,Q28)+SUM(U27) -> 19.754545 | V28: =IFERROR(VLOOKUP(E28,WIP!$A$1:$S$1478,6,0),"-") -> Specialty Clnr | W28: =IFERROR(VLOOKUP(E28,WIP!$A$1:$M$1478,12,0),"-") -> Clear | X28: =IFERROR(VLOOKUP(E28,WIP!$A$1:$M$1478,13,0),"-") -> No Fragrance | Y28: =E28 -> 115201 | Z28: =IFERROR(VLOOKUP(E28,WIP!$A$1:$K$1478,2,0),"-") -> FS ALL PURPOSE CLNR BULK | AA28: =IFERROR(VLOOKUP(C28,Pack!$A$5:$G$1997,3,FALSE),"-") -> 9902 | AB28: =IFERROR(VLOOKUP(E28,WIP!$A$1:$K$1478,11,0),"-") -> 308.62069 | AC28: =IFERROR(VLOOKUP(E28,WIP!$A$1:$K$1478,7,0),"-") -> - | AD28: =IF(U28<13,J28,0) -> 0 | AE28: =IFERROR(AD28/AB28,"-") -> 0 | AG28: =IF(U28>13,J28,0) -> 300 | AH28: =IFERROR(AG28/AB28,0) -> 0.97206704
A29: D | B29: =iferror(vlookup(C29,Source!$A$10:$O$1488,3,0),"-") -> - | E29: =iferror(vlookup(C29,Source!$A$10:$O$1488,2,0),"-") -> - | F29: =iferror(vlookup(C29,Source!$A$10:$O$1488,12,0),"-") -> - | G29: =IF(H29="B","BOX LABEL",+IF(AND(H29="I"),"IN HOUSE",+IF(AND(H29="S"),"SPECIAL",+IF(AND(H29="BP"),"BUG FREE",+IF(AND(H29="A"),"Pre Labeled","-"))))) -> - | H29: =iferror(vlookup(C29,Source!$A$10:$O$1488,11,0),"-") -> - | I29: =iferror(vlookup(C29,Source!$A$10:$O$1488,7,0),"-") -> - | J29: =IFERROR(_xlfn.FLOOR.MATH(VLOOKUP(C29, Conversion!$A$1:$G$1483,7,0)*D29*1.05,10),"-") -> - | K29: =if(G29="in house",D29*4,+if(G29="bottle label",D29*4,+if(or(G29="bottle"),G29*4,0))) -> 0 | L29: =if(G29="box label",D29,+IF(or(G29="in house"),D29,+if(or(G29="special"),D29,0))) -> 0 | M29: =iferror(vlookup(C29,Source!$A$10:$O$1488,14,0),"-") -> - | N29: =iferror(vlookup(C29,Source!$A$10:$O$1488,15,0),"-") -> - | O29: =iferror(vlookup(C29,Source!$A$10:$O$1488,5,0),0) -> 0 | P29: =if(O29>1,O29/6.5,"-") -> - | Q29: =if(O29>0,D29/O29*6.5,0) -> 0 | U29: =SUM(0.5,Q29)+SUM(U28) -> 20.254545 | V29: =IFERROR(VLOOKUP(E29,WIP!$A$1:$S$1478,6,0),"-") -> - | W29: =IFERROR(VLOOKUP(E29,WIP!$A$1:$M$1478,12,0),"-") -> - | X29: =IFERROR(VLOOKUP(E29,WIP!$A$1:$M$1478,13,0),"-") -> - | Y29: =E29 -> - | Z29: =IFERROR(VLOOKUP(E29,WIP!$A$1:$K$1478,2,0),"-") -> - | AA29: =IFERROR(VLOOKUP(C29,Pack!$A$5:$G$1997,3,FALSE),"-") -> - | AB29: =IFERROR(VLOOKUP(E29,WIP!$A$1:$K$1478,11,0),"-") -> - | AC29: =IFERROR(VLOOKUP(E29,WIP!$A$1:$K$1478,7,0),"-") -> - | AD29: =IF(U29<13,J29,0) -> 0 | AE29: =IFERROR(AD29/AB29,"-") -> - | AG29: =IF(U29>13,J29,0) -> - | AH29: =IFERROR(AG29/AB29,0) -> 0
A30: E | B30: =iferror(vlookup(C30,Source!$A$10:$O$1488,3,0),"-") -> - | E30: =iferror(vlookup(C30,Source!$A$10:$O$1488,2,0),"-") -> - | F30: =iferror(vlookup(C30,Source!$A$10:$O$1488,12,0),"-") -> - | G30: =IF(H30="B","BOX LABEL",+IF(AND(H30="I"),"IN HOUSE",+IF(AND(H30="S"),"SPECIAL",+IF(AND(H30="BP"),"BUG FREE",+IF(AND(H30="A"),"Pre Labeled","-"))))) -> - | H30: =iferror(vlookup(C30,Source!$A$10:$O$1488,11,0),"-") -> - | I30: =iferror(vlookup(C30,Source!$A$10:$O$1488,7,0),"-") -> - | K30: =if(G30="in house",D30*4,+if(G30="bottle label",D30*4,+if(or(G30="bottle"),G30*4,0))) -> 0 | L30: =if(G30="box label",D30,+IF(or(G30="in house"),D30,+if(or(G30="special"),D30,0))) -> 0 | M30: =iferror(vlookup(C30,Source!$A$10:$O$1488,14,0),"-") -> - | N30: =iferror(vlookup(C30,Source!$A$10:$O$1488,15,0),"-") -> - | O30: =iferror(vlookup(C30,Source!$A$10:$O$1488,5,0),0) -> 0 | P30: =if(O30>1,O30/6.5,"-") -> - | Q30: =if(O30>0,D30/O30*6.5,0) -> 0 | U30: =SUM(0.5,Q30)+SUM(U29) -> 20.754545 | V30: =IFERROR(VLOOKUP(E30,WIP!$A$1:$S$1478,6,0),"-") -> - | W30: =IFERROR(VLOOKUP(E30,WIP!$A$1:$M$1478,12,0),"-") -> - | X30: =IFERROR(VLOOKUP(E30,WIP!$A$1:$M$1478,13,0),"-") -> - | Y30: =E30 -> - | Z30: =IFERROR(VLOOKUP(E30,WIP!$A$1:$K$1478,2,0),"-") -> - | AA30: =IFERROR(VLOOKUP(C30,Pack!$A$5:$G$1997,3,FALSE),"-") -> - | AB30: =IFERROR(VLOOKUP(E30,WIP!$A$1:$K$1478,11,0),"-") -> - | AC30: =IFERROR(VLOOKUP(E30,WIP!$A$1:$K$1478,7,0),"-") -> - | AD30: =IF(U30<13,J30,0) -> 0 | AE30: =IFERROR(AD30/AB30,"-") -> - | AG30: =IF(U30>13,J30,0) | AH30: =IFERROR(AG30/AB30,0) -> 0
U31: =SUM(0.5,Q31)+SUM(U30) -> 21.254545 | V31: =IFERROR(VLOOKUP(E31,WIP!$A$1:$S$1478,6,0),"-") -> - | W31: =IFERROR(VLOOKUP(E31,WIP!$A$1:$M$1478,12,0),"-") -> - | X31: =IFERROR(VLOOKUP(E31,WIP!$A$1:$M$1478,13,0),"-") -> - | Y31: =E31 | Z31: =IFERROR(VLOOKUP(E31,WIP!$A$1:$K$1478,2,0),"-") -> - | AA31: =IFERROR(VLOOKUP(C31,Pack!$A$5:$G$1997,3,FALSE),"-") -> - | AB31: =IFERROR(VLOOKUP(E31,WIP!$A$1:$K$1478,11,0),"-") -> - | AC31: =IFERROR(VLOOKUP(E31,WIP!$A$1:$K$1478,7,0),"-") -> - | AD31: =IF(U31<13,J31,0) -> 0 | AE31: =IFERROR(AD31/AB31,"-") -> - | AG31: =IF(U31>13,J31,0) | AH31: =IFERROR(AG31/AB31,0) -> 0
J32: gl | O32: TOTAL HOURS: | Q32: =SUM(Q26:Q30) -> 4.2545455 | V32: =IFERROR(VLOOKUP(E32,WIP!$A$1:$S$1478,6,0),"-") -> - | W32: =IFERROR(VLOOKUP(E32,WIP!$A$1:$M$1478,12,0),"-") -> - | X32: =IFERROR(VLOOKUP(E32,WIP!$A$1:$M$1478,13,0),"-") -> - | Y32: =E32 | Z32: =IFERROR(VLOOKUP(E32,WIP!$A$1:$K$1478,2,0),"-") -> - | AA32: =IFERROR(VLOOKUP(C32,Pack!$A$5:$G$1997,3,FALSE),"-") -> - | AB32: =IFERROR(VLOOKUP(E32,WIP!$A$1:$K$1478,11,0),"-") -> - | AC32: =IFERROR(VLOOKUP(E32,WIP!$A$1:$K$1478,7,0),"-") -> - | AE32: =IFERROR(AD32/AB32,"-") -> - | AG32: =IF(U32>13,J32,0) -> 0 | AH32: =IFERROR(AG32/AB32,0) -> 0
O33: IDLE HOURS | Q33: =24-Q32 -> 19.745455 | V33: =IFERROR(VLOOKUP(E33,WIP!$A$1:$S$1478,6,0),"-") -> - | W33: =IFERROR(VLOOKUP(E33,WIP!$A$1:$M$1478,12,0),"-") -> - | X33: =IFERROR(VLOOKUP(E33,WIP!$A$1:$M$1478,13,0),"-") -> - | Y33: =E33 | Z33: =IFERROR(VLOOKUP(E33,WIP!$A$1:$K$1478,2,0),"-") -> - | AA33: =IFERROR(VLOOKUP(C33,Pack!$A$5:$G$1997,3,FALSE),"-") -> - | AB33: =IFERROR(VLOOKUP(E33,WIP!$A$1:$K$1478,11,0),"-") -> - | AC33: =IFERROR(VLOOKUP(E33,WIP!$A$1:$K$1478,7,0),"-") -> - | AD33: =IF(U33<13,J33,0) | AE33: =IFERROR(AD33/AB33,"-") -> - | AG33: =IF(U33>13,J33,0) -> 0 | AH33: =IFERROR(AG33/AB33,0) -> 0
B34: Line #7 | U34: =IF(Q34=0,14,SUM(5)+SUM(Q34)) -> 14 | V34: =IFERROR(VLOOKUP(E34,WIP!$A$1:$S$1478,6,0),"-") -> - | W34: =IFERROR(VLOOKUP(E34,WIP!$A$1:$M$1478,12,0),"-") -> - | X34: =IFERROR(VLOOKUP(E34,WIP!$A$1:$M$1478,13,0),"-") -> - | Y34: =E34 | Z34: =IFERROR(VLOOKUP(E34,WIP!$A$1:$K$1478,2,0),"-") -> - | AA34: =IFERROR(VLOOKUP(C34,Pack!$A$5:$G$1997,3,FALSE),"-") -> - | AB34: =IFERROR(VLOOKUP(E34,WIP!$A$1:$K$1478,11,0),"-") -> - | AC34: =IFERROR(VLOOKUP(E34,WIP!$A$1:$K$1478,7,0),"-") -> - | AD34: =IF(U34<13,J34,0) -> 0 | AE34: =IFERROR(AD34/AB34,"-") -> - | AG34: =IF(U34>13,J34,0) | AH34: =IFERROR(AG34/AB34,0) -> 0
A35: A | B35: =iferror(vlookup(C35,Source!$A$10:$O$1488,3,0),"-") -> MR DIGESTER RESTRM CLNR;12/1 CS | C35: 156532 | D35: 132 | E35: =iferror(vlookup(C35,Source!$A$10:$O$1488,2,0),"-") -> 156501 | F35: =iferror(vlookup(C35,Source!$A$10:$O$1488,12,0),"-") -> MTX | G35: =IF(H35="B","BOX LABEL",+IF(AND(H35="I"),"IN HOUSE",+IF(AND(H35="S"),"SPECIAL",+IF(AND(H35="BP"),"BUG FREE",+IF(AND(H35="A"),"Pre Labeled","-"))))) -> BOX LABEL | H35: =iferror(vlookup(C35,Source!$A$10:$O$1488,11,0),"-") -> B | I35: =iferror(vlookup(C35,Source!$A$10:$O$1488,7,0),"-") -> 0 | J35: =IFERROR(_xlfn.FLOOR.MATH(VLOOKUP(C35, Conversion!$A$1:$G$1483,7,0)*D35*1.05,10),"-") -> 410 | K35: =if(G35="in house",D35*4,+if(G35="bottle label",D35*4,+if(or(G35="bottle"),G35*4,0))) -> 0 | L35: =if(G35="box label",D35,+IF(or(G35="in house"),D35,+if(or(G35="special"),D35,0))) -> 132 | M35: =iferror(vlookup(C35,Source!$A$10:$O$1488,14,0),"-") -> 200141 | N35: =iferror(vlookup(C35,Source!$A$10:$O$1488,15,0),"-") | O35: =iferror(vlookup(C35,Source!$A$10:$O$1488,5,0),0) -> 440 | P35: =if(O35>1,O35/6.5,"-") -> 67.692308 | Q35: =if(O35>0,D35/O35*6.5,0) -> 1.95 | U35: =SUM(0.5,Q35)+SUM(U34) -> 16.45 | V35: =IFERROR(VLOOKUP(E35,WIP!$A$1:$S$1478,6,0),"-") -> RR Cleaner | W35: =IFERROR(VLOOKUP(E35,WIP!$A$1:$M$1478,12,0),"-") -> Blue Light | X35: =IFERROR(VLOOKUP(E35,WIP!$A$1:$M$1478,13,0),"-") -> Spring Breeze | Y35: =E35 -> 156501 | Z35: =IFERROR(VLOOKUP(E35,WIP!$A$1:$K$1478,2,0),"-") -> MR DIGESTER RSTRM CLNR BULK | AA35: =IFERROR(VLOOKUP(C35,Pack!$A$5:$G$1997,3,FALSE),"-") -> 98680 | AB35: =IFERROR(VLOOKUP(E35,WIP!$A$1:$K$1478,11,0),"-") -> 356.81818 | AC35: =IFERROR(VLOOKUP(E35,WIP!$A$1:$K$1478,7,0),"-") -> - | AD35: =IF(U35<13,J35,0) -> 0 | AE35: =IFERROR(AD35/AB35,"-") -> 0 | AG35: =IF(U35>13,J35,0) -> 410 | AH35: =IFERROR(AG35/AB35,0) -> 1.1490446
A36: B | B36: =iferror(vlookup(C36,Source!$A$10:$O$1488,3,0),"-") -> - | E36: =iferror(vlookup(C36,Source!$A$10:$O$1488,2,0),"-") -> - | F36: =iferror(vlookup(C36,Source!$A$10:$O$1488,12,0),"-") -> - | G36: =IF(H36="B","BOX LABEL",+IF(AND(H36="I"),"IN HOUSE",+IF(AND(H36="S"),"SPECIAL",+IF(AND(H36="BP"),"BUG FREE",+IF(AND(H36="A"),"Pre Labeled","-"))))) -> - | H36: =iferror(vlookup(C36,Source!$A$10:$O$1488,11,0),"-") -> - | I36: =iferror(vlookup(C36,Source!$A$10:$O$1488,7,0),"-") -> - | J36: =IFERROR(_xlfn.FLOOR.MATH(VLOOKUP(C36, Conversion!$A$1:$G$1483,7,0)*D36*1.05,10),"-") -> - | K36: =if(G36="in house",D36*4,+if(G36="bottle label",D36*4,+if(or(G36="bottle"),G36*4,0))) -> 0 | L36: =if(G36="box label",D36,+IF(or(G36="in house"),D36,+if(or(G36="special"),D36,0))) -> 0 | M36: =iferror(vlookup(C36,Source!$A$10:$O$1488,14,0),"-") -> - | N36: =iferror(vlookup(C36,Source!$A$10:$O$1488,15,0),"-") -> - | O36: =iferror(vlookup(C36,Source!$A$10:$O$1488,5,0),0) -> 0 | P36: =if(O36>1,O36/6.5,"-") -> - | Q36: =if(O36>0,D36/O36*6.5,0) -> 0 | U36: =SUM(0.5,Q36)+SUM(U35) -> 16.95 | V36: =IFERROR(VLOOKUP(E36,WIP!$A$1:$S$1478,6,0),"-") -> - | W36: =IFERROR(VLOOKUP(E36,WIP!$A$1:$M$1478,12,0),"-") -> - | X36: =IFERROR(VLOOKUP(E36,WIP!$A$1:$M$1478,13,0),"-") -> - | Y36: =E36 -> - | Z36: =IFERROR(VLOOKUP(E36,WIP!$A$1:$K$1478,2,0),"-") -> - | AA36: =IFERROR(VLOOKUP(C36,Pack!$A$5:$G$1997,3,FALSE),"-") -> - | AB36: =IFERROR(VLOOKUP(E36,WIP!$A$1:$K$1478,11,0),"-") -> - | AC36: =IFERROR(VLOOKUP(E36,WIP!$A$1:$K$1478,7,0),"-") -> - | AD36: =IF(U36<13,J36,0) -> 0 | AE36: =IFERROR(AD36/AB36,"-") -> - | AG36: =IF(U36>13,J36,0) -> - | AH36: =IFERROR(AG36/AB36,0) -> 0
A37: C | B37: =iferror(vlookup(C37,Source!$A$10:$O$1488,3,0),"-") -> - | E37: =iferror(vlookup(C37,Source!$A$10:$O$1488,2,0),"-") -> - | F37: =iferror(vlookup(C37,Source!$A$10:$O$1488,12,0),"-") -> - | G37: =IF(H37="B","BOX LABEL",+IF(AND(H37="I"),"IN HOUSE",+IF(AND(H37="S"),"SPECIAL",+IF(AND(H37="BP"),"BUG FREE",+IF(AND(H37="A"),"Pre Labeled","-"))))) -> - | H37: =iferror(vlookup(C37,Source!$A$10:$O$1488,11,0),"-") -> - | I37: =iferror(vlookup(C37,Source!$A$10:$O$1488,7,0),"-") -> - | J37: =IFERROR(_xlfn.FLOOR.MATH(VLOOKUP(C37, Conversion!$A$1:$G$1483,7,0)*D37*1.05,10),"-") -> - | K37: =if(G37="in house",D37*4,+if(G37="bottle label",D37*4,+if(or(G37="bottle"),G37*4,0))) -> 0 | L37: =if(G37="box label",D37,+IF(or(G37="in house"),D37,+if(or(G37="special"),D37,0))) -> 0 | M37: =iferror(vlookup(C37,Source!$A$10:$O$1488,14,0),"-") -> - | N37: =iferror(vlookup(C37,Source!$A$10:$O$1488,15,0),"-") -> - | O37: =iferror(vlookup(C37,Source!$A$10:$O$1488,5,0),0) -> 0 | P37: =if(O37>1,O37/6.5,"-") -> - | Q37: =if(O37>0,D37/O37*6.5,0) -> 0 | U37: =SUM(0.5,Q37)+SUM(U36) -> 17.45 | V37: =IFERROR(VLOOKUP(E37,WIP!$A$1:$S$1478,6,0),"-") -> - | W37: =IFERROR(VLOOKUP(E37,WIP!$A$1:$M$1478,12,0),"-") -> - | X37: =IFERROR(VLOOKUP(E37,WIP!$A$1:$M$1478,13,0),"-") -> - | Y37: =E37 -> - | Z37: =IFERROR(VLOOKUP(E37,WIP!$A$1:$K$1478,2,0),"-") -> - | AA37: =IFERROR(VLOOKUP(C37,Pack!$A$5:$G$1997,3,FALSE),"-") -> - | AB37: =IFERROR(VLOOKUP(E37,WIP!$A$1:$K$1478,11,0),"-") -> - | AC37: =IFERROR(VLOOKUP(E37,WIP!$A$1:$K$1478,7,0),"-") -> - | AD37: =IF(U37<13,J37,0) -> 0 | AE37: =IFERROR(AD37/AB37,"-") -> - | AG37: =IF(U37>13,J37,0) -> - | AH37: =IFERROR(AG37/AB37,0) -> 0
J38: =IFERROR(_xlfn.FLOOR.MATH(VLOOKUP(C38, Conversion!$A$1:$G$1483,7,0)*D38*1.05,10),"-") -> - | O38: TOTAL HOURS: | Q38: =SUM(Q35:Q37) -> 1.95 | U38: =SUM(0.5,Q38)+SUM(U37) -> 19.9 | V38: =IFERROR(VLOOKUP(E38,WIP!$A$1:$S$1478,6,0),"-") -> - | W38: =IFERROR(VLOOKUP(E38,WIP!$A$1:$M$1478,12,0),"-") -> - | X38: =IFERROR(VLOOKUP(E38,WIP!$A$1:$M$1478,13,0),"-") -> - | Y38: =E38 | Z38: =IFERROR(VLOOKUP(E38,WIP!$A$1:$K$1478,2,0),"-") -> - | AA38: =IFERROR(VLOOKUP(C38,Pack!$A$5:$G$1997,3,FALSE),"-") -> - | AB38: =IFERROR(VLOOKUP(E38,WIP!$A$1:$K$1478,11,0),"-") -> - | AC38: =IFERROR(VLOOKUP(E38,WIP!$A$1:$K$1478,7,0),"-") -> - | AD38: =IF(U38<13,J38,0) -> 0 | AE38: =IFERROR(AD38/AB38,"-") -> - | AG38: =IF(U38>13,J38,0) -> - | AH38: =IFERROR(AG38/AB38,0) -> 0
O39: IDLE HOURS | Q39: =24-Q38 -> 22.05 | V39: =IFERROR(VLOOKUP(E39,WIP!$A$1:$S$1478,6,0),"-") -> - | W39: =IFERROR(VLOOKUP(E39,WIP!$A$1:$M$1478,12,0),"-") -> - | X39: =IFERROR(VLOOKUP(E39,WIP!$A$1:$M$1478,13,0),"-") -> - | Y39: =E39 | Z39: =IFERROR(VLOOKUP(E39,WIP!$A$1:$K$1478,2,0),"-") -> - | AA39: =IFERROR(VLOOKUP(C39,Pack!$A$5:$G$1997,3,FALSE),"-") -> - | AB39: =IFERROR(VLOOKUP(E39,WIP!$A$1:$K$1478,11,0),"-") -> - | AC39: =IFERROR(VLOOKUP(E39,WIP!$A$1:$K$1478,7,0),"-") -> - | AD39: =IF(U39<13,J39,0) | AE39: =IFERROR(AD39/AB39,"-") -> - | AG39: =IF(U39>13,J39,0) -> 0 | AH39: =IFERROR(AG39/AB39,0) -> 0
B40: Line #3 | V40: =IFERROR(VLOOKUP(E40,WIP!$A$1:$S$1478,6,0),"-") -> - | W40: =IFERROR(VLOOKUP(E40,WIP!$A$1:$M$1478,12,0),"-") -> - | X40: =IFERROR(VLOOKUP(E40,WIP!$A$1:$M$1478,13,0),"-") -> - | Y40: =E40 | Z40: =IFERROR(VLOOKUP(E40,WIP!$A$1:$K$1478,2,0),"-") -> - | AA40: =IFERROR(VLOOKUP(C40,Pack!$A$5:$G$1997,3,FALSE),"-") -> - | AB40: =IFERROR(VLOOKUP(E40,WIP!$A$1:$K$1478,11,0),"-") -> - | AC40: =IFERROR(VLOOKUP(E40,WIP!$A$1:$K$1478,7,0),"-") -> - | AD40: =IF(U40<13,J40,0) | AE40: =IFERROR(AD40/AB40,"-") -> - | AG40: =IF(U40>13,J40,0) -> 0 | AH40: =IFERROR(AG40/AB40,0) -> 0
A41: A | B41: =iferror(vlookup(C41,Source!$A$10:$O$1488,3,0),"-") -> - | E41: =iferror(vlookup(C41,Source!$A$10:$O$1488,2,0),"-") -> - | F41: =iferror(vlookup(C41,Source!$A$10:$O$1488,12,0),"-") -> - | G41: =IF(H41="B","BOX LABEL",+IF(AND(H41="I"),"IN HOUSE",+IF(AND(H41="S"),"SPECIAL",+IF(AND(H41="BP"),"BUG FREE",+IF(AND(H41="A"),"Pre Labeled","-"))))) -> - | H41: =iferror(vlookup(C41,Source!$A$10:$O$1488,11,0),"-") -> - | I41: =iferror(vlookup(C41,Source!$A$10:$O$1488,7,0),"-") -> - | J41: =IFERROR(_xlfn.FLOOR.MATH(VLOOKUP(C41, Conversion!$A$1:$G$1483,7,0)*D41*1.05,10),"-") -> - | K41: =if(G41="in house",D41*4,+if(G41="bottle label",D41*4,+if(or(G41="bottle"),G41*4,0))) -> 0 | L41: =if(G41="box label",D41,+IF(or(G41="in house"),D41,+if(or(G41="special"),D41,0))) -> 0 | M41: =iferror(vlookup(C41,Source!$A$10:$O$1488,14,0),"-") -> - | N41: =iferror(vlookup(C41,Source!$A$10:$O$1488,15,0),"-") -> - | O41: =iferror(vlookup(C41,Source!$A$10:$O$1488,5,0),0) -> 0 | P41: =if(O41>1,O41/6.5,"-") -> - | Q41: =if(O41>0,D41/O41*6.5,0) -> 0 | U41: =IF(Q41=0,14,SUM(5)+SUM(Q41)) -> 14 | V41: =IFERROR(VLOOKUP(E41,WIP!$A$1:$S$1478,6,0),"-") -> - | W41: =IFERROR(VLOOKUP(E41,WIP!$A$1:$M$1478,12,0),"-") -> - | X41: =IFERROR(VLOOKUP(E41,WIP!$A$1:$M$1478,13,0),"-") -> - | Y41: =E41 -> - | Z41: =IFERROR(VLOOKUP(E41,WIP!$A$1:$K$1478,2,0),"-") -> - | AA41: =IFERROR(VLOOKUP(C41,Pack!$A$5:$G$1997,3,FALSE),"-") -> - | AB41: =IFERROR(VLOOKUP(E41,WIP!$A$1:$K$1478,11,0),"-") -> - | AC41: =IFERROR(VLOOKUP(E41,WIP!$A$1:$K$1478,7,0),"-") -> - | AD41: =IF(U41<13,J41,0) -> 0 | AE41: =IFERROR(AD41/AB41,"-") -> - | AG41: =IF(U41>13,J41,0) -> - | AH41: =IFERROR(AG41/AB41,0) -> 0
A42: B | B42: =iferror(vlookup(C42,Source!$A$10:$O$1488,3,0),"-") -> - | E42: =iferror(vlookup(C42,Source!$A$10:$O$1488,2,0),"-") -> - | F42: =iferror(vlookup(C42,Source!$A$10:$O$1488,12,0),"-") -> - | G42: =IF(H42="B","BOX LABEL",+IF(AND(H42="I"),"IN HOUSE",+IF(AND(H42="S"),"SPECIAL",+IF(AND(H42="BP"),"BUG FREE",+IF(AND(H42="A"),"Pre Labeled","-"))))) -> - | H42: =iferror(vlookup(C42,Source!$A$10:$O$1488,11,0),"-") -> - | I42: =iferror(vlookup(C42,Source!$A$10:$O$1488,7,0),"-") -> - | J42: =IFERROR(_xlfn.FLOOR.MATH(VLOOKUP(C42, Conversion!$A$1:$G$1483,7,0)*D42*1.05,10),"-") -> - | K42: =if(G42="in house",D42*4,+if(G42="bottle label",D42*4,+if(or(G42="bottle"),G42*4,0))) -> 0 | L42: =if(G42="box label",D42,+IF(or(G42="in house"),D42,+if(or(G42="special"),D42,0))) -> 0 | M42: =iferror(vlookup(C42,Source!$A$10:$O$1488,14,0),"-") -> - | N42: =iferror(vlookup(C42,Source!$A$10:$O$1488,15,0),"-") -> - | O42: =iferror(vlookup(C42,Source!$A$10:$O$1488,5,0),0) -> 0 | P42: =if(O42>1,O42/6.5,"-") -> - | Q42: =if(O42>0,D42/O42*6.5,0) -> 0 | U42: =SUM(0.5,Q42)+SUM(U41) -> 14.5 | V42: =IFERROR(VLOOKUP(E42,WIP!$A$1:$S$1478,6,0),"-") -> - | W42: =IFERROR(VLOOKUP(E42,WIP!$A$1:$M$1478,12,0),"-") -> - | X42: =IFERROR(VLOOKUP(E42,WIP!$A$1:$M$1478,13,0),"-") -> - | Y42: =E42 -> - | Z42: =IFERROR(VLOOKUP(E42,WIP!$A$1:$K$1478,2,0),"-") -> - | AA42: =IFERROR(VLOOKUP(C42,Pack!$A$5:$G$1997,3,FALSE),"-") -> - | AB42: =IFERROR(VLOOKUP(E42,WIP!$A$1:$K$1478,11,0),"-") -> - | AC42: =IFERROR(VLOOKUP(E42,WIP!$A$1:$K$1478,7,0),"-") -> - | AD42: =IF(U42<13,J42,0) -> 0 | AE42: =IFERROR(AD42/AB42,"-") -> - | AG42: =IF(U42>13,J42,0) -> - | AH42: =IFERROR(AG42/AB42,0) -> 0
A43: C | B43: =iferror(vlookup(C43,Source!$A$10:$O$1488,3,0),"-") -> - | E43: =iferror(vlookup(C43,Source!$A$10:$O$1488,2,0),"-") -> - | F43: =iferror(vlookup(C43,Source!$A$10:$O$1488,12,0),"-") -> - | G43: =IF(H43="B","BOX LABEL",+IF(AND(H43="I"),"IN HOUSE",+IF(AND(H43="S"),"SPECIAL",+IF(AND(H43="BP"),"BUG FREE",+IF(AND(H43="A"),"Pre Labeled","-"))))) -> - | H43: =iferror(vlookup(C43,Source!$A$10:$O$1488,11,0),"-") -> - | I43: =iferror(vlookup(C43,Source!$A$10:$O$1488,7,0),"-") -> - | J43: =IFERROR(_xlfn.FLOOR.MATH(VLOOKUP(C43, Conversion!$A$1:$G$1483,7,0)*D43*1.05,10),"-") -> - | K43: =if(G43="in house",D43*4,+if(G43="bottle label",D43*4,+if(or(G43="bottle"),G43*4,0))) -> 0 | L43: =if(G43="box label",D43,+IF(or(G43="in house"),D43,+if(or(G43="special"),D43,0))) -> 0 | M43: =iferror(vlookup(C43,Source!$A$10:$O$1488,14,0),"-") -> - | N43: =iferror(vlookup(C43,Source!$A$10:$O$1488,15,0),"-") -> - | O43: =iferror(vlookup(C43,Source!$A$10:$O$1488,5,0),0) -> 0 | P43: =if(O43>1,O43/6.5,"-") -> - | Q43: =if(O43>0,D43/O43*6.5,0) -> 0 | U43: =SUM(0.5,Q43)+SUM(U42) -> 15 | V43: =IFERROR(VLOOKUP(E43,WIP!$A$1:$S$1478,6,0),"-") -> - | W43: =IFERROR(VLOOKUP(E43,WIP!$A$1:$M$1478,12,0),"-") -> - | X43: =IFERROR(VLOOKUP(E43,WIP!$A$1:$M$1478,13,0),"-") -> - | Y43: =E43 -> - | Z43: =IFERROR(VLOOKUP(E43,WIP!$A$1:$K$1478,2,0),"-") -> - | AA43: =IFERROR(VLOOKUP(C43,Pack!$A$5:$G$1997,3,FALSE),"-") -> - | AB43: =IFERROR(VLOOKUP(E43,WIP!$A$1:$K$1478,11,0),"-") -> - | AC43: =IFERROR(VLOOKUP(E43,WIP!$A$1:$K$1478,7,0),"-") -> - | AD43: =IF(U43<13,J43,0) -> 0 | AE43: =IFERROR(AD43/AB43,"-") -> - | AG43: =IF(U43>13,J43,0) -> - | AH43: =IFERROR(AG43/AB43,0) -> 0
A44: D | B44: =iferror(vlookup(C44,Source!$A$10:$O$1488,3,0),"-") -> - | E44: =iferror(vlookup(C44,Source!$A$10:$O$1488,2,0),"-") -> - | F44: =iferror(vlookup(C44,Source!$A$10:$O$1488,12,0),"-") -> - | G44: =IF(H44="B","BOX LABEL",+IF(AND(H44="I"),"IN HOUSE",+IF(AND(H44="S"),"SPECIAL",+IF(AND(H44="BP"),"BUG FREE",+IF(AND(H44="A"),"Pre Labeled","-"))))) -> - | H44: =iferror(vlookup(C44,Source!$A$10:$O$1488,11,0),"-") -> - | I44: =iferror(vlookup(C44,Source!$A$10:$O$1488,7,0),"-") -> - | J44: =IFERROR(_xlfn.FLOOR.MATH(VLOOKUP(C44, Conversion!$A$1:$G$1483,7,0)*D44*1.05,10),"-") -> - | K44: =if(G44="in house",D44*4,+if(G44="bottle label",D44*4,+if(or(G44="bottle"),G44*4,0))) -> 0 | L44: =if(G44="box label",D44,+IF(or(G44="in house"),D44,+if(or(G44="special"),D44,0))) -> 0 | M44: =iferror(vlookup(C44,Source!$A$10:$O$1488,14,0),"-") -> - | N44: =iferror(vlookup(C44,Source!$A$10:$O$1488,15,0),"-") -> - | O44: =iferror(vlookup(C44,Source!$A$10:$O$1488,5,0),0) -> 0 | P44: =if(O44>1,O44/6.5,"-") -> - | Q44: =if(O44>0,D44/O44*6.5,0) -> 0 | U44: =SUM(0.5,Q44)+SUM(U43) -> 15.5 | V44: =IFERROR(VLOOKUP(E44,WIP!$A$1:$S$1478,6,0),"-") -> - | W44: =IFERROR(VLOOKUP(E44,WIP!$A$1:$M$1478,12,0),"-") -> - | X44: =IFERROR(VLOOKUP(E44,WIP!$A$1:$M$1478,13,0),"-") -> - | Y44: =E44 -> - | Z44: =IFERROR(VLOOKUP(E44,WIP!$A$1:$K$1478,2,0),"-") -> - | AA44: =IFERROR(VLOOKUP(C44,Pack!$A$5:$G$1997,3,FALSE),"-") -> - | AB44: =IFERROR(VLOOKUP(E44,WIP!$A$1:$K$1478,11,0),"-") -> - | AC44: =IFERROR(VLOOKUP(E44,WIP!$A$1:$K$1478,7,0),"-") -> - | AD44: =IF(U44<13,J44,0) -> 0 | AE44: =IFERROR(AD44/AB44,"-") -> - | AG44: =IF(U44>13,J44,0) -> - | AH44: =IFERROR(AG44/AB44,0) -> 0
A45: E | B45: =iferror(vlookup(C45,Source!$A$10:$O$1488,3,0),"-") -> - | E45: =iferror(vlookup(C45,Source!$A$10:$O$1488,2,0),"-") -> - | F45: =iferror(vlookup(C45,Source!$A$10:$O$1488,12,0),"-") -> - | G45: =IF(H45="B","BOX LABEL",+IF(AND(H45="I"),"IN HOUSE",+IF(AND(H45="S"),"SPECIAL",+IF(AND(H45="BP"),"BUG FREE",+IF(AND(H45="A"),"Pre Labeled","-"))))) -> - | H45: =iferror(vlookup(C45,Source!$A$10:$O$1488,11,0),"-") -> - | I45: =iferror(vlookup(C45,Source!$A$10:$O$1488,7,0),"-") -> - | J45: =IFERROR(_xlfn.FLOOR.MATH(VLOOKUP(C45, Conversion!$A$1:$G$1483,7,0)*D45*1.05,10),"-") -> - | K45: =if(G45="in house",D45*4,+if(G45="bottle label",D45*4,+if(or(G45="bottle"),G45*4,0))) -> 0 | L45: =if(G45="box label",D45,+IF(or(G45="in house"),D45,+if(or(G45="special"),D45,0))) -> 0 | M45: =iferror(vlookup(C45,Source!$A$10:$O$1488,14,0),"-") -> - | N45: =iferror(vlookup(C45,Source!$A$10:$O$1488,15,0),"-") -> - | O45: =iferror(vlookup(C45,Source!$A$10:$O$1488,5,0),0) -> 0 | P45: =if(O45>1,O45/6.5,"-") -> - | Q45: =if(O45>0,D45/O45*6.5,0) -> 0 | U45: =SUM(0.5,Q45)+SUM(U44) -> 16 | V45: =IFERROR(VLOOKUP(E45,WIP!$A$1:$S$1478,6,0),"-") -> - | W45: =IFERROR(VLOOKUP(E45,WIP!$A$1:$M$1478,12,0),"-") -> - | X45: =IFERROR(VLOOKUP(E45,WIP!$A$1:$M$1478,13,0),"-") -> - | Y45: =E45 -> - | Z45: =IFERROR(VLOOKUP(E45,WIP!$A$1:$K$1478,2,0),"-") -> - | AA45: =IFERROR(VLOOKUP(C45,Pack!$A$5:$G$1997,3,FALSE),"-") -> - | AB45: =IFERROR(VLOOKUP(E45,WIP!$A$1:$K$1478,11,0),"-") -> - | AC45: =IFERROR(VLOOKUP(E45,WIP!$A$1:$K$1478,7,0),"-") -> - | AD45: =IF(U45<13,J45,0) -> 0 | AE45: =IFERROR(AD45/AB45,"-") -> - | AG45: =IF(U45>13,J45,0) -> - | AH45: =IFERROR(AG45/AB45,0) -> 0
A46: F | B46: =iferror(vlookup(C46,Source!$A$10:$O$1488,3,0),"-") -> - | E46: =iferror(vlookup(C46,Source!$A$10:$O$1488,2,0),"-") -> - | F46: =iferror(vlookup(C46,Source!$A$10:$O$1488,12,0),"-") -> - | G46: =IF(H46="B","BOX LABEL",+IF(AND(H46="I"),"IN HOUSE",+IF(AND(H46="S"),"SPECIAL",+IF(AND(H46="BP"),"BUG FREE",+IF(AND(H46="A"),"Pre Labeled","-"))))) -> - | H46: =iferror(vlookup(C46,Source!$A$10:$O$1488,11,0),"-") -> - | I46: =iferror(vlookup(C46,Source!$A$10:$O$1488,7,0),"-") -> - | J46: =IFERROR(_xlfn.FLOOR.MATH(VLOOKUP(C46, Conversion!$A$1:$G$1483,7,0)*D46*1.05,10),"-") -> - | K46: =if(G46="in house",D46*4,+if(G46="bottle label",D46*4,+if(or(G46="bottle"),G46*4,0))) -> 0 | L46: =if(G46="box label",D46,+IF(or(G46="in house"),D46,+if(or(G46="special"),D46,0))) -> 0 | M46: =iferror(vlookup(C46,Source!$A$10:$O$1488,14,0),"-") -> - | N46: =iferror(vlookup(C46,Source!$A$10:$O$1488,15,0),"-") -> - | O46: =iferror(vlookup(C46,Source!$A$10:$O$1488,5,0),0) -> 0 | P46: =if(O46>1,O46/6.5,"-") -> - | Q46: =if(O46>0,D46/O46*6.5,0) -> 0 | U46: =SUM(0.5,Q46)+SUM(U45) -> 16.5 | V46: =IFERROR(VLOOKUP(E46,WIP!$A$1:$S$1478,6,0),"-") -> - | W46: =IFERROR(VLOOKUP(E46,WIP!$A$1:$M$1478,12,0),"-") -> - | X46: =IFERROR(VLOOKUP(E46,WIP!$A$1:$M$1478,13,0),"-") -> - | Y46: =E46 -> - | Z46: =IFERROR(VLOOKUP(E46,WIP!$A$1:$K$1478,2,0),"-") -> - | AA46: =IFERROR(VLOOKUP(C46,Pack!$A$5:$G$1997,3,FALSE),"-") -> - | AB46: =IFERROR(VLOOKUP(E46,WIP!$A$1:$K$1478,11,0),"-") -> - | AC46: =IFERROR(VLOOKUP(E46,WIP!$A$1:$K$1478,7,0),"-") -> - | AD46: =IF(U46<13,J46,0) -> 0 | AE46: =IFERROR(AD46/AB46,"-") -> - | AG46: =IF(U46>13,J46,0) -> - | AH46: =IFERROR(AG46/AB46,0) -> 0
A47: G | B47: =iferror(vlookup(C47,Source!$A$10:$O$1488,3,0),"-") -> - | E47: =iferror(vlookup(C47,Source!$A$10:$O$1488,2,0),"-") -> - | F47: =iferror(vlookup(C47,Source!$A$10:$O$1488,12,0),"-") -> - | G47: =IF(H47="B","BOX LABEL",+IF(AND(H47="I"),"IN HOUSE",+IF(AND(H47="S"),"SPECIAL",+IF(AND(H47="BP"),"BUG FREE",+IF(AND(H47="A"),"Pre Labeled","-"))))) -> - | H47: =iferror(vlookup(C47,Source!$A$10:$O$1488,11,0),"-") -> - | I47: =iferror(vlookup(C47,Source!$A$10:$O$1488,7,0),"-") -> - | J47: =IFERROR(_xlfn.FLOOR.MATH(VLOOKUP(C47, Conversion!$A$1:$G$1483,7,0)*D47*1.05,10),"-") -> - | K47: =if(G47="in house",D47*4,+if(G47="bottle label",D47*4,+if(or(G47="bottle"),G47*4,0))) -> 0 | L47: =if(G47="box label",D47,+IF(or(G47="in house"),D47,+if(or(G47="special"),D47,0))) -> 0 | M47: =iferror(vlookup(C47,Source!$A$10:$O$1488,14,0),"-") -> - | N47: =iferror(vlookup(C47,Source!$A$10:$O$1488,15,0),"-") -> - | O47: =iferror(vlookup(C47,Source!$A$10:$O$1488,5,0),0) -> 0 | P47: =if(O47>1,O47/6.5,"-") -> - | Q47: =if(O47>0,D47/O47*6.5,0) -> 0 | U47: =SUM(0.5,Q47)+SUM(U46) -> 17 | V47: =IFERROR(VLOOKUP(E47,WIP!$A$1:$S$1478,6,0),"-") -> - | W47: =IFERROR(VLOOKUP(E47,WIP!$A$1:$M$1478,12,0),"-") -> - | X47: =IFERROR(VLOOKUP(E47,WIP!$A$1:$M$1478,13,0),"-") -> - | Y47: =E47 -> - | Z47: =IFERROR(VLOOKUP(E47,WIP!$A$1:$K$1478,2,0),"-") -> - | AA47: =IFERROR(VLOOKUP(C47,Pack!$A$5:$G$1997,3,FALSE),"-") -> - | AB47: =IFERROR(VLOOKUP(E47,WIP!$A$1:$K$1478,11,0),"-") -> - | AC47: =IFERROR(VLOOKUP(E47,WIP!$A$1:$K$1478,7,0),"-") -> - | AD47: =IF(U47<13,J47,0) -> 0 | AE47: =IFERROR(AD47/AB47,"-") -> - | AG47: =IF(U47>13,J47,0) -> - | AH47: =IFERROR(AG47/AB47,0) -> 0
J48: gl | O48: TOTAL HOURS: | Q48: =SUM(Q41:Q47) -> 0 | V48: =IFERROR(VLOOKUP(E48,WIP!$A$1:$S$1478,6,0),"-") -> - | W48: =IFERROR(VLOOKUP(E48,WIP!$A$1:$M$1478,12,0),"-") -> - | X48: =IFERROR(VLOOKUP(E48,WIP!$A$1:$M$1478,13,0),"-") -> - | Y48: =E48 | Z48: =IFERROR(VLOOKUP(E48,WIP!$A$1:$K$1478,2,0),"-") -> - | AA48: =IFERROR(VLOOKUP(C48,Pack!$A$5:$G$1997,3,FALSE),"-") -> - | AB48: =IFERROR(VLOOKUP(E48,WIP!$A$1:$K$1478,11,0),"-") -> - | AC48: =IFERROR(VLOOKUP(E48,WIP!$A$1:$K$1478,7,0),"-") -> - | AE48: =IFERROR(AD48/AB48,"-") -> - | AG48: =IF(U48>13,J48,0) -> 0 | AH48: =IFERROR(AG48/AB48,0) -> 0
O49: IDLE HOURS | Q49: =24-Q48 -> 24 | V49: =IFERROR(VLOOKUP(E49,WIP!$A$1:$S$1478,6,0),"-") -> - | W49: =IFERROR(VLOOKUP(E49,WIP!$A$1:$M$1478,12,0),"-") -> - | X49: =IFERROR(VLOOKUP(E49,WIP!$A$1:$M$1478,13,0),"-") -> - | Y49: =E49 | Z49: =IFERROR(VLOOKUP(E49,WIP!$A$1:$K$1478,2,0),"-") -> - | AA49: =IFERROR(VLOOKUP(C49,Pack!$A$5:$G$1997,3,FALSE),"-") -> - | AB49: =IFERROR(VLOOKUP(E49,WIP!$A$1:$K$1478,11,0),"-") -> - | AC49: =IFERROR(VLOOKUP(E49,WIP!$A$1:$K$1478,7,0),"-") -> - | AD49: =IF(U49<13,J49,0) | AE49: =IFERROR(AD49/AB49,"-") -> - | AG49: =IF(U49>13,J49,0) -> 0 | AH49: =IFERROR(AG49/AB49,0) -> 0
B50: Line #4 | V50: =IFERROR(VLOOKUP(E50,WIP!$A$1:$S$1478,6,0),"-") -> - | W50: =IFERROR(VLOOKUP(E50,WIP!$A$1:$M$1478,12,0),"-") -> - | X50: =IFERROR(VLOOKUP(E50,WIP!$A$1:$M$1478,13,0),"-") -> - | Y50: =E50 | Z50: =IFERROR(VLOOKUP(E50,WIP!$A$1:$K$1478,2,0),"-") -> - | AA50: =IFERROR(VLOOKUP(C50,Pack!$A$5:$G$1997,3,FALSE),"-") -> - | AB50: =IFERROR(VLOOKUP(E50,WIP!$A$1:$K$1478,11,0),"-") -> - | AC50: =IFERROR(VLOOKUP(E50,WIP!$A$1:$K$1478,7,0),"-") -> - | AD50: =IF(U50<13,J50,0) | AE50: =IFERROR(AD50/AB50,"-") -> - | AG50: =IF(U50>13,J50,0) -> 0 | AH50: =IFERROR(AG50/AB50,0) -> 0
A51: A | B51: =iferror(vlookup(C51,Source!$A$10:$O$1488,3,0),"-") -> - | E51: =iferror(vlookup(C51,Source!$A$10:$O$1488,2,0),"-") -> - | F51: =iferror(vlookup(C51,Source!$A$10:$O$1488,12,0),"-") -> - | G51: =IF(H51="B","BOX LABEL",+IF(AND(H51="I"),"IN HOUSE",+IF(AND(H51="S"),"SPECIAL",+IF(AND(H51="BP"),"BUG FREE",+IF(AND(H51="A"),"Pre Labeled","-"))))) -> - | H51: =iferror(vlookup(C51,Source!$A$10:$O$1488,11,0),"-") -> - | I51: =iferror(vlookup(C51,Source!$A$10:$O$1488,7,0),"-") -> - | J51: =IFERROR(_xlfn.FLOOR.MATH(VLOOKUP(C51, Conversion!$A$1:$G$1483,7,0)*D51*1.05,10),"-") -> - | K51: =if(G51="in house",D51*4,+if(G51="bottle label",D51*4,+if(or(G51="bottle"),G51*4,0))) -> 0 | L51: =if(G51="box label",D51,+IF(or(G51="in house"),D51,+if(or(G51="special"),D51,0))) -> 0 | M51: =iferror(vlookup(C51,Source!$A$10:$O$1488,14,0),"-") -> - | N51: =iferror(vlookup(C51,Source!$A$10:$O$1488,15,0),"-") -> - | O51: =iferror(vlookup(C51,Source!$A$10:$O$1488,5,0),0) -> 0 | P51: =if(O51>1,O51/6.5,"-") -> - | Q51: =if(O51>0,D51/O51*6.5,0) -> 0 | U51: =IF(Q51=0,14,SUM(5)+SUM(Q51)) -> 14 | V51: =IFERROR(VLOOKUP(E51,WIP!$A$1:$S$1478,6,0),"-") -> - | W51: =IFERROR(VLOOKUP(E51,WIP!$A$1:$M$1478,12,0),"-") -> - | X51: =IFERROR(VLOOKUP(E51,WIP!$A$1:$M$1478,13,0),"-") -> - | Y51: =E51 -> - | Z51: =IFERROR(VLOOKUP(E51,WIP!$A$1:$K$1478,2,0),"-") -> - | AA51: =IFERROR(VLOOKUP(C51,Pack!$A$5:$G$1997,3,FALSE),"-") -> - | AB51: =IFERROR(VLOOKUP(E51,WIP!$A$1:$K$1478,11,0),"-") -> - | AC51: =IFERROR(VLOOKUP(E51,WIP!$A$1:$K$1478,7,0),"-") -> - | AD51: =IF(U51<13,J51,0) -> 0 | AE51: =IFERROR(AD51/AB51,"-") -> - | AG51: =IF(U51>13,J51,0) -> - | AH51: =IFERROR(AG51/AB51,0) -> 0
A52: B | B52: =iferror(vlookup(C52,Source!$A$10:$O$1488,3,0),"-") -> - | E52: =iferror(vlookup(C52,Source!$A$10:$O$1488,2,0),"-") -> - | F52: =iferror(vlookup(C52,Source!$A$10:$O$1488,12,0),"-") -> - | G52: =IF(H52="B","BOX LABEL",+IF(AND(H52="I"),"IN HOUSE",+IF(AND(H52="S"),"SPECIAL",+IF(AND(H52="BP"),"BUG FREE",+IF(AND(H52="A"),"Pre Labeled","-"))))) -> - | H52: =iferror(vlookup(C52,Source!$A$10:$O$1488,11,0),"-") -> - | I52: =iferror(vlookup(C52,Source!$A$10:$O$1488,7,0),"-") -> - | J52: =IFERROR(_xlfn.FLOOR.MATH(VLOOKUP(C52, Conversion!$A$1:$G$1483,7,0)*D52*1.05,10),"-") -> - | K52: =if(G52="in house",D52*4,+if(G52="bottle label",D52*4,+if(or(G52="bottle"),G52*4,0))) -> 0 | L52: =if(G52="box label",D52,+IF(or(G52="in house"),D52,+if(or(G52="special"),D52,0))) -> 0 | M52: =iferror(vlookup(C52,Source!$A$10:$O$1488,14,0),"-") -> - | N52: =iferror(vlookup(C52,Source!$A$10:$O$1488,15,0),"-") -> - | O52: =iferror(vlookup(C52,Source!$A$10:$O$1488,5,0),0) -> 0 | P52: =if(O52>1,O52/6.5,"-") -> - | Q52: =if(O52>0,D52/O52*6.5,0) -> 0 | U52: =SUM(0.5,Q52)+SUM(U51) -> 14.5 | V52: =IFERROR(VLOOKUP(E52,WIP!$A$1:$S$1478,6,0),"-") -> - | W52: =IFERROR(VLOOKUP(E52,WIP!$A$1:$M$1478,12,0),"-") -> - | X52: =IFERROR(VLOOKUP(E52,WIP!$A$1:$M$1478,13,0),"-") -> - | Y52: =E52 -> - | Z52: =IFERROR(VLOOKUP(E52,WIP!$A$1:$K$1478,2,0),"-") -> - | AA52: =IFERROR(VLOOKUP(C52,Pack!$A$5:$G$1997,3,FALSE),"-") -> - | AB52: =IFERROR(VLOOKUP(E52,WIP!$A$1:$K$1478,11,0),"-") -> - | AC52: =IFERROR(VLOOKUP(E52,WIP!$A$1:$K$1478,7,0),"-") -> - | AD52: =IF(U52<13,J52,0) -> 0 | AE52: =IFERROR(AD52/AB52,"-") -> - | AG52: =IF(U52>13,J52,0) -> - | AH52: =IFERROR(AG52/AB52,0) -> 0
A53: C | B53: =iferror(vlookup(C53,Source!$A$10:$O$1488,3,0),"-") -> - | E53: =iferror(vlookup(C53,Source!$A$10:$O$1488,2,0),"-") -> - | F53: =iferror(vlookup(C53,Source!$A$10:$O$1488,12,0),"-") -> - | G53: =IF(H53="B","BOX LABEL",+IF(AND(H53="I"),"IN HOUSE",+IF(AND(H53="S"),"SPECIAL",+IF(AND(H53="BP"),"BUG FREE",+IF(AND(H53="A"),"Pre Labeled","-"))))) -> - | H53: =iferror(vlookup(C53,Source!$A$10:$O$1488,11,0),"-") -> - | I53: =iferror(vlookup(C53,Source!$A$10:$O$1488,7,0),"-") -> - | J53: =IFERROR(_xlfn.FLOOR.MATH(VLOOKUP(C53, Conversion!$A$1:$G$1483,7,0)*D53*1.05,10),"-") -> - | K53: =if(G53="in house",D53*4,+if(G53="bottle label",D53*4,+if(or(G53="bottle"),G53*4,0))) -> 0 | L53: =if(G53="box label",D53,+IF(or(G53="in house"),D53,+if(or(G53="special"),D53,0))) -> 0 | M53: =iferror(vlookup(C53,Source!$A$10:$O$1488,14,0),"-") -> - | N53: =iferror(vlookup(C53,Source!$A$10:$O$1488,15,0),"-") -> - | O53: =iferror(vlookup(C53,Source!$A$10:$O$1488,5,0),0) -> 0 | P53: =if(O53>1,O53/6.5,"-") -> - | Q53: =if(O53>0,D53/O53*6.5,0) -> 0 | U53: =SUM(0.5,Q53)+SUM(U52) -> 15 | V53: =IFERROR(VLOOKUP(E53,WIP!$A$1:$S$1478,6,0),"-") -> - | W53: =IFERROR(VLOOKUP(E53,WIP!$A$1:$M$1478,12,0),"-") -> - | X53: =IFERROR(VLOOKUP(E53,WIP!$A$1:$M$1478,13,0),"-") -> - | Y53: =E53 -> - | Z53: =IFERROR(VLOOKUP(E53,WIP!$A$1:$K$1478,2,0),"-") -> - | AA53: =IFERROR(VLOOKUP(C53,Pack!$A$5:$G$1997,3,FALSE),"-") -> - | AB53: =IFERROR(VLOOKUP(E53,WIP!$A$1:$K$1478,11,0),"-") -> - | AC53: =IFERROR(VLOOKUP(E53,WIP!$A$1:$K$1478,7,0),"-") -> - | AD53: =IF(U53<13,J53,0) -> 0 | AE53: =IFERROR(AD53/AB53,"-") -> - | AG53: =IF(U53>13,J53,0) -> - | AH53: =IFERROR(AG53/AB53,0) -> 0
K54: 0 | O54: TOTAL HOURS: | Q54: =SUM(Q51:Q53) -> 0 | U54: =SUM(0.5,Q54)+SUM(U53) -> 15.5 | V54: =IFERROR(VLOOKUP(E54,WIP!$A$1:$S$1478,6,0),"-") -> - | W54: =IFERROR(VLOOKUP(E54,WIP!$A$1:$M$1478,12,0),"-") -> - | X54: =IFERROR(VLOOKUP(E54,WIP!$A$1:$M$1478,13,0),"-") -> - | Y54: =E54 | Z54: =IFERROR(VLOOKUP(E54,WIP!$A$1:$K$1478,2,0),"-") -> - | AA54: =IFERROR(VLOOKUP(C54,Pack!$A$5:$G$1997,3,FALSE),"-") -> - | AB54: =IFERROR(VLOOKUP(E54,WIP!$A$1:$K$1478,11,0),"-") -> - | AC54: =IFERROR(VLOOKUP(E54,WIP!$A$1:$K$1478,7,0),"-") -> - | AD54: =IF(U54<13,J54,0) -> 0 | AE54: =IFERROR(AD54/AB54,"-") -> - | AG54: =IF(U54>13,J54,0) | AH54: =IFERROR(AG54/AB54,0) -> 0
O55: IDLE HOURS | Q55: =24-Q54 -> 24 | V55: =IFERROR(VLOOKUP(E55,WIP!$A$1:$S$1478,6,0),"-") -> - | W55: =IFERROR(VLOOKUP(E55,WIP!$A$1:$M$1478,12,0),"-") -> - | X55: =IFERROR(VLOOKUP(E55,WIP!$A$1:$M$1478,13,0),"-") -> - | Y55: =E55 | Z55: =IFERROR(VLOOKUP(E55,WIP!$A$1:$K$1478,2,0),"-") -> - | AA55: =IFERROR(VLOOKUP(C55,Pack!$A$5:$G$1997,3,FALSE),"-") -> - | AB55: =IFERROR(VLOOKUP(E55,WIP!$A$1:$K$1478,11,0),"-") -> - | AC55: =IFERROR(VLOOKUP(E55,WIP!$A$1:$K$1478,7,0),"-") -> - | AD55: =IF(U55<13,J55,0) | AE55: =IFERROR(AD55/AB55,"-") -> - | AG55: =IF(U55>13,J55,0) -> 0 | AH55: =IFERROR(AG55/AB55,0) -> 0
B56: Line# 5 - Drums, Totes, & Misc | V56: =IFERROR(VLOOKUP(E56,WIP!$A$1:$S$1478,6,0),"-") -> - | W56: =IFERROR(VLOOKUP(E56,WIP!$A$1:$M$1478,12,0),"-") -> - | X56: =IFERROR(VLOOKUP(E56,WIP!$A$1:$M$1478,13,0),"-") -> - | Y56: =E56 | Z56: =IFERROR(VLOOKUP(E56,WIP!$A$1:$K$1478,2,0),"-") -> - | AA56: =IFERROR(VLOOKUP(C56,Pack!$A$5:$G$1997,3,FALSE),"-") -> - | AB56: =IFERROR(VLOOKUP(E56,WIP!$A$1:$K$1478,11,0),"-") -> - | AC56: =IFERROR(VLOOKUP(E56,WIP!$A$1:$K$1478,7,0),"-") -> - | AD56: =IF(U56<13,J56,0) | AE56: =IFERROR(AD56/AB56,"-") -> - | AG56: =IF(U56>13,J56,0) -> 0 | AH56: =IFERROR(AG56/AB56,0) -> 0
A57: A | B57: =iferror(vlookup(C57,Source!$A$10:$O$1488,3,0),"-") -> SUD-Z CAR & TRUCK WA;55GL DRUM | C57: 165555 | D57: 1 | E57: =iferror(vlookup(C57,Source!$A$10:$O$1488,2,0),"-") -> 165501 | F57: =iferror(vlookup(C57,Source!$A$10:$O$1488,12,0),"-") -> MTX | G57: =IF(H57="B","BOX LABEL",+IF(AND(H57="I"),"IN HOUSE",+IF(AND(H57="S"),"SPECIAL",+IF(AND(H57="BP"),"BUG FREE",+IF(AND(H57="A"),"Pre Labeled","-"))))) -> IN HOUSE | H57: =iferror(vlookup(C57,Source!$A$10:$O$1488,11,0),"-") -> I | I57: =iferror(vlookup(C57,Source!$A$10:$O$1488,7,0),"-") -> 0 | J57: =IFERROR(_xlfn.FLOOR.MATH(VLOOKUP(C57, Conversion!$A$1:$G$1483,7,0)*D57*1.05,10),"-") -> 50 | K57: =if(G57="in house",D57*4,+if(G57="bottle label",D57*4,+if(or(G57="bottle"),G57*4,0))) -> 4 | L57: =if(G57="box label",D57,+IF(or(G57="in house"),D57,+if(or(G57="special"),D57,0))) -> 1 | M57: =iferror(vlookup(C57,Source!$A$10:$O$1488,14,0),"-") | N57: =iferror(vlookup(C57,Source!$A$10:$O$1488,15,0),"-") | O57: =iferror(vlookup(C57,Source!$A$10:$O$1488,5,0),0) -> 42 | P57: =if(O57>1,O57/6.5,"-") -> 6.4615385 | Q57: =if(O57>0,D57/O57*6.5,0) -> 0.1547619 | U57: =SUM(Q57+14) -> 14.154762 | V57: =IFERROR(VLOOKUP(E57,WIP!$A$1:$S$1478,6,0),"-") -> Car Care | W57: =IFERROR(VLOOKUP(E57,WIP!$A$1:$M$1478,12,0),"-") -> Yellow | X57: =IFERROR(VLOOKUP(E57,WIP!$A$1:$M$1478,13,0),"-") -> Lemon | Y57: =E57 -> 165501 | Z57: =IFERROR(VLOOKUP(E57,WIP!$A$1:$K$1478,2,0),"-") -> SUD-Z CAR & TRUCK WASH | AA57: =IFERROR(VLOOKUP(C57,Pack!$A$5:$G$1997,3,FALSE),"-") -> 97010 | AB57: =IFERROR(VLOOKUP(E57,WIP!$A$1:$K$1478,11,0),"-") -> 88.571429 | AC57: =IFERROR(VLOOKUP(E57,WIP!$A$1:$K$1478,7,0),"-") -> - | AD57: =IF(U57<13,J57,0) -> 0 | AE57: =IFERROR(AD57/AB57,"-") -> 0 | AG57: =IF(U57>13,J57,0) -> 50 | AH57: =IFERROR(AG57/AB57,0) -> 0.56451613
A58: B | B58: =iferror(vlookup(C58,Source!$A$10:$O$1488,3,0),"-") -> - | E58: =iferror(vlookup(C58,Source!$A$10:$O$1488,2,0),"-") -> - | F58: =iferror(vlookup(C58,Source!$A$10:$O$1488,12,0),"-") -> - | G58: =IF(H58="B","BOX LABEL",+IF(AND(H58="I"),"IN HOUSE",+IF(AND(H58="S"),"SPECIAL",+IF(AND(H58="BP"),"BUG FREE",+IF(AND(H58="A"),"Pre Labeled","-"))))) -> - | H58: =iferror(vlookup(C58,Source!$A$10:$O$1488,11,0),"-") -> - | I58: =iferror(vlookup(C58,Source!$A$10:$O$1488,7,0),"-") -> - | J58: =IFERROR(_xlfn.FLOOR.MATH(VLOOKUP(C58, Conversion!$A$1:$G$1483,7,0)*D58*1.05,10),"-") -> - | K58: =if(G58="in house",D58*4,+if(G58="bottle label",D58*4,+if(or(G58="bottle"),G58*4,0))) -> 0 | L58: =if(G58="box label",D58,+IF(or(G58="in house"),D58,+if(or(G58="special"),D58,0))) -> 0 | M58: =iferror(vlookup(C58,Source!$A$10:$O$1488,14,0),"-") -> - | N58: =iferror(vlookup(C58,Source!$A$10:$O$1488,15,0),"-") -> - | O58: =iferror(vlookup(C58,Source!$A$10:$O$1488,5,0),0) -> 0 | P58: =if(O58>1,O58/6.5,"-") -> - | Q58: =if(O58>0,D58/O58*6.5,0) -> 0 | U58: =SUM(Q58+U57) -> 14.154762 | V58: =IFERROR(VLOOKUP(E58,WIP!$A$1:$S$1478,6,0),"-") -> - | W58: =IFERROR(VLOOKUP(E58,WIP!$A$1:$M$1478,12,0),"-") -> - | X58: =IFERROR(VLOOKUP(E58,WIP!$A$1:$M$1478,13,0),"-") -> - | Y58: =E58 -> - | Z58: =IFERROR(VLOOKUP(E58,WIP!$A$1:$K$1478,2,0),"-") -> - | AA58: =IFERROR(VLOOKUP(C58,Pack!$A$5:$G$1997,3,FALSE),"-") -> - | AB58: =IFERROR(VLOOKUP(E58,WIP!$A$1:$K$1478,11,0),"-") -> - | AC58: =IFERROR(VLOOKUP(E58,WIP!$A$1:$K$1478,7,0),"-") -> - | AD58: =IF(U58<13,J58,0) -> 0 | AE58: =IFERROR(AD58/AB58,"-") -> - | AG58: =IF(U58>13,J58,0) -> - | AH58: =IFERROR(AG58/AB58,0) -> 0
A59: C | B59: =iferror(vlookup(C59,Source!$A$10:$O$1488,3,0),"-") -> - | E59: =iferror(vlookup(C59,Source!$A$10:$O$1488,2,0),"-") -> - | F59: =iferror(vlookup(C59,Source!$A$10:$O$1488,12,0),"-") -> - | G59: =IF(H59="B","BOX LABEL",+IF(AND(H59="I"),"IN HOUSE",+IF(AND(H59="S"),"SPECIAL",+IF(AND(H59="BP"),"BUG FREE",+IF(AND(H59="A"),"Pre Labeled","-"))))) -> - | H59: =iferror(vlookup(C59,Source!$A$10:$O$1488,11,0),"-") -> - | I59: =iferror(vlookup(C59,Source!$A$10:$O$1488,7,0),"-") -> - | J59: =IFERROR(_xlfn.FLOOR.MATH(VLOOKUP(C59, Conversion!$A$1:$G$1483,7,0)*D59*1.05,10),"-") -> - | K59: =if(G59="in house",D59*4,+if(G59="bottle label",D59*4,+if(or(G59="bottle"),G59*4,0))) -> 0 | L59: =if(G59="box label",D59,+IF(or(G59="in house"),D59,+if(or(G59="special"),D59,0))) -> 0 | M59: =iferror(vlookup(C59,Source!$A$10:$O$1488,14,0),"-") -> - | N59: =iferror(vlookup(C59,Source!$A$10:$O$1488,15,0),"-") -> - | O59: 0 | P59: - | Q59: 0 | U59: =SUM(Q59+U58) -> 14.154762 | V59: =IFERROR(VLOOKUP(E59,WIP!$A$1:$S$1478,6,0),"-") -> - | W59: =IFERROR(VLOOKUP(E59,WIP!$A$1:$M$1478,12,0),"-") -> - | X59: =IFERROR(VLOOKUP(E59,WIP!$A$1:$M$1478,13,0),"-") -> - | Y59: =E59 -> - | Z59: =IFERROR(VLOOKUP(E59,WIP!$A$1:$K$1478,2,0),"-") -> - | AA59: =IFERROR(VLOOKUP(C59,Pack!$A$5:$G$1997,3,FALSE),"-") -> - | AB59: =IFERROR(VLOOKUP(E59,WIP!$A$1:$K$1478,11,0),"-") -> - | AC59: =IFERROR(VLOOKUP(E59,WIP!$A$1:$K$1478,7,0),"-") -> - | AD59: =IF(U59<13,J59,0) -> 0 | AE59: =IFERROR(AD59/AB59,"-") -> - | AG59: =IF(U59>13,J59,0) -> - | AH59: =IFERROR(AG59/AB59,0) -> 0
A60: D | B60: =iferror(vlookup(C60,Source!$A$10:$O$1488,3,0),"-") -> - | E60: =iferror(vlookup(C60,Source!$A$10:$O$1488,2,0),"-") -> - | F60: =iferror(vlookup(C60,Source!$A$10:$O$1488,12,0),"-") -> - | G60: =IF(H60="B","BOX LABEL",+IF(AND(H60="I"),"IN HOUSE",+IF(AND(H60="S"),"SPECIAL",+IF(AND(H60="BP"),"BUG FREE",+IF(AND(H60="A"),"Pre Labeled","-"))))) -> - | H60: =iferror(vlookup(C60,Source!$A$10:$O$1488,11,0),"-") -> - | I60: =iferror(vlookup(C60,Source!$A$10:$O$1488,7,0),"-") -> - | J60: =IFERROR(_xlfn.FLOOR.MATH(VLOOKUP(C60, Conversion!$A$1:$G$1483,7,0)*D60*1.05,10),"-") -> - | K60: =if(G60="in house",D60*4,+if(G60="bottle label",D60*4,+if(or(G60="bottle"),G60*4,0))) -> 0 | L60: =if(G60="box label",D60,+IF(or(G60="in house"),D60,+if(or(G60="special"),D60,0))) -> 0 | M60: =iferror(vlookup(C60,Source!$A$10:$O$1488,14,0),"-") -> - | N60: =iferror(vlookup(C60,Source!$A$10:$O$1488,15,0),"-") -> - | O60: 0 | P60: - | Q60: 0 | U60: =SUM(Q60+U59) -> 14.154762 | V60: =IFERROR(VLOOKUP(E60,WIP!$A$1:$S$1478,6,0),"-") -> - | W60: =IFERROR(VLOOKUP(E60,WIP!$A$1:$M$1478,12,0),"-") -> - | X60: =IFERROR(VLOOKUP(E60,WIP!$A$1:$M$1478,13,0),"-") -> - | Y60: =E60 -> - | Z60: =IFERROR(VLOOKUP(E60,WIP!$A$1:$K$1478,2,0),"-") -> - | AA60: =IFERROR(VLOOKUP(C60,Pack!$A$5:$G$1997,3,FALSE),"-") -> - | AB60: =IFERROR(VLOOKUP(E60,WIP!$A$1:$K$1478,11,0),"-") -> - | AC60: =IFERROR(VLOOKUP(E60,WIP!$A$1:$K$1478,7,0),"-") -> - | AD60: =IF(U60<13,J60,0) -> 0 | AE60: =IFERROR(AD60/AB60,"-") -> - | AG60: =IF(U60>13,J60,0) -> - | AH60: =IFERROR(AG60/AB60,0) -> 0
D61: =SUM(D7:D60) -> 1237 | J61: gl | O61: TOTAL HOURS: | Q61: =sum(Q57:Q60) -> 0.1547619 | AA61: =IFERROR(VLOOKUP(C61,Pack!$A$5:$G$1997,3,FALSE),"-") -> - | AB61: =IFERROR(VLOOKUP(E61,WIP!$A$1:$K$1478,11,0),"-") -> - | AC61: =IFERROR(VLOOKUP(E61,WIP!$A$1:$K$1478,7,0),"-") -> - | AE61: =IFERROR(AD61/AB61,"-") -> - | AH61: =IFERROR(AG61/AB61,0) -> 0
A62: Main schedule along with all workorders must be completed and returned to production control at the end of the shift | AH62: =IFERROR(AG62/AB62,0) -> 0
AH63: -
B64: Completed by:_____________________________ | H64: Reviewed by:____________________________
B67: NOTES:

Sheet 01-05
B1: PRODUCTION SCHEDULE | I1: 46027 | Q1: =R1 -> 24.362792 | R1: =SUM(Q14+Q23+Q32+Q38+Q48+Q54+Q61) -> 24.362792 | S1: =IF(R1>18,"Schedule Full") -> Schedule Full | AD1: =AG1-1 -> 46026 | AG1: =I1 -> 46027 | AI1: =SUM(AD4,AG4) -> 9080 | AJ1: Gallons
AD2: 1 shift | AG2: 2 shift
A3: PRIORITY | B3: Alert: All liquids MUST be filtered! NO EXCEPTIONS! | AD3: =AD4/4 -> 1877.5 | AE3: =AE4/5 -> 5.2645651 | AG3: =AG4/4 -> 392.5 | AH3: =AH4/5 -> 0
B4: Description | C4: Sku# | D4: Ordered | E4: Formula # | F4: Brand | G4: LABEL | H4: ID | I4: Haz_Info | K4: Bottle Label | L4: Box Label | M4: BOTTLE LABEL LOCATION | N4: BOX LABEL LOCATION | U4: Time | V4: Family | W4: Item Family | X4: Fragrance | Y4: WIP | Z4: Name | AA4: Pack Type | AB4: Rate | AC4: Notes | AD4: =SUM(AD7:AD63) -> 7510 | AE4: =SUM(AE7:AE63) -> 26.322825 | AG4: =SUM(AG7:AG63) -> 1570 | AH4: =SUM(AH7:AH63) -> 0
B6: Line #1 | O6: Shift Rate | P6: Hour Rate | Q6: Run Time
A7: A | B7: =iferror(vlookup(C7,Source!$A$10:$O$1488,3,0),"-") -> SANICIDE PLUS 4/1 CS; | C7: 145604 | D7: 480 | E7: =iferror(vlookup(C7,Source!$A$10:$O$1488,2,0),"-") -> 1456011 | F7: =iferror(vlookup(C7,Source!$A$10:$O$1488,12,0),"-") -> MTX | G7: =IF(H7="B","BOX LABEL",+IF(AND(H7="I"),"IN HOUSE",+IF(AND(H7="S"),"SPECIAL",+IF(AND(H7="BP"),"BUG FREE",+IF(AND(H7="A"),"Pre Labeled","-"))))) -> - | H7: =iferror(vlookup(C7,Source!$A$10:$O$1488,11,0),"-") -> 0 | I7: =iferror(vlookup(C7,Source!$A$10:$O$1488,7,0),"-") -> COR-25 | J7: =IFERROR(_xlfn.FLOOR.MATH(VLOOKUP(C7, Conversion!$A$1:$G$1483,7,0)*D7*1.05,10),"-") -> 2010 | K7: =if(G7="in house",D7*4,+if(G7="bottle label",D7*4,+if(or(G7="bottle"),G7*4,0))) -> 0 | L7: =if(G7="box label",D7,+IF(or(G7="in house"),D7,+if(or(G7="special"),D7,0))) -> 0 | M7: =iferror(vlookup(C7,Source!$A$10:$O$1488,14,0),"-") -> 710102 | N7: =iferror(vlookup(C7,Source!$A$10:$O$1488,15,0),"-") -> 710202 | O7: =iferror(vlookup(C7,Source!$A$10:$O$1488,5,0),0) -> 1352.4 | P7: =if(O7>1,O7/7.67,"-") -> 176.32334 | Q7: =if(O7>0,D7/O7*7.67,0) -> 2.7222715 | U7: =IF(Q7=0,14,SUM(5)+SUM(Q7)) -> 7.7222715 | V7: =IFERROR(VLOOKUP(E7,WIP!$A$1:$S$1478,6,0),"-") -> Disinfectant | W7: =IFERROR(VLOOKUP(E7,WIP!$A$1:$M$1478,12,0),"-") -> Red | X7: =IFERROR(VLOOKUP(E7,WIP!$A$1:$M$1478,13,0),"-") -> No Fragrance | Y7: =E7 -> 1456011 | Z7: =IFERROR(VLOOKUP(E7,WIP!$A$1:$K$1478,2,0),"-") -> SANICIDE PLUS BULK | AA7: =IFERROR(VLOOKUP(C7,Pack!$A$5:$G$1997,3,FALSE),"-") -> 99430 | AB7: =IFERROR(VLOOKUP(E7,WIP!$A$1:$K$1478,11,0),"-") -> 402.66667 | AC7: =IFERROR(VLOOKUP(E7,WIP!$A$1:$K$1478,7,0),"-") -> * EPA * | AD7: =IF(U7<13,J7,0) -> 2010 | AE7: =IFERROR(AD7/AB7,"-") -> 4.9917219 | AG7: =IF(U7>13,J7,0) -> 0 | AH7: =IFERROR(AG7/AB7,0) -> 0
A8: B | B8: =iferror(vlookup(C8,Source!$A$10:$O$1488,3,0),"-") -> POWER 92 4/1 CS; | C8: 163204 | D8: 144 | E8: =iferror(vlookup(C8,Source!$A$10:$O$1488,2,0),"-") -> 163201 | F8: =iferror(vlookup(C8,Source!$A$10:$O$1488,12,0),"-") -> MTX | G8: =IF(H8="B","BOX LABEL",+IF(AND(H8="I"),"IN HOUSE",+IF(AND(H8="S"),"SPECIAL",+IF(AND(H8="BP"),"BUG FREE",+IF(AND(H8="A"),"Pre Labeled","-"))))) -> - | H8: =iferror(vlookup(C8,Source!$A$10:$O$1488,11,0),"-") -> 0 | I8: =iferror(vlookup(C8,Source!$A$10:$O$1488,7,0),"-") -> COR-4 | J8: =IFERROR(_xlfn.FLOOR.MATH(VLOOKUP(C8, Conversion!$A$1:$G$1483,7,0)*D8*1.05,10),"-") -> 600 | K8: =if(G8="in house",D8*4,+if(G8="bottle label",D8*4,+if(or(G8="bottle"),G8*4,0))) -> 0 | L8: =if(G8="box label",D8,+IF(or(G8="in house"),D8,+if(or(G8="special"),D8,0))) -> 0 | M8: =iferror(vlookup(C8,Source!$A$10:$O$1488,14,0),"-") -> 712306 | N8: =iferror(vlookup(C8,Source!$A$10:$O$1488,15,0),"-") -> 714104 | O8: =iferror(vlookup(C8,Source!$A$10:$O$1488,5,0),0) -> 1352.4 | P8: =if(O8>1,O8/7.67,"-") -> 176.32334 | Q8: =if(O8>0,D8/O8*7.67,0) -> 0.81668146 | U8: =SUM(0.5,Q8)+SUM(U7) -> 9.038953 | V8: =IFERROR(VLOOKUP(E8,WIP!$A$1:$S$1478,6,0),"-") -> Specialty Clnr | W8: =IFERROR(VLOOKUP(E8,WIP!$A$1:$M$1478,12,0),"-") -> Brown | X8: =IFERROR(VLOOKUP(E8,WIP!$A$1:$M$1478,13,0),"-") -> No Fragrance | Y8: =E8 -> 163201 | Z8: =IFERROR(VLOOKUP(E8,WIP!$A$1:$K$1478,2,0),"-") -> POWER 92 | AA8: =IFERROR(VLOOKUP(C8,Pack!$A$5:$G$1997,3,FALSE),"-") -> 99430 | AB8: =IFERROR(VLOOKUP(E8,WIP!$A$1:$K$1478,11,0),"-") -> 103.01887 | AC8: =IFERROR(VLOOKUP(E8,WIP!$A$1:$K$1478,7,0),"-") -> - | AD8: =IF(U8<13,J8,0) -> 600 | AE8: =IFERROR(AD8/AB8,"-") -> 5.8241758 | AG8: =IF(U8>13,J8,0) -> 0 | AH8: =IFERROR(AG8/AB8,0) -> 0
A9: C | B9: =iferror(vlookup(C9,Source!$A$10:$O$1488,3,0),"-") -> POWER 92 MTA 4/1 CS; | C9: 163204MTA | D9: 48 | E9: =iferror(vlookup(C9,Source!$A$10:$O$1488,2,0),"-") -> 163201 | F9: =iferror(vlookup(C9,Source!$A$10:$O$1488,12,0),"-") -> MTA | G9: =IF(H9="B","BOX LABEL",+IF(AND(H9="I"),"IN HOUSE",+IF(AND(H9="S"),"SPECIAL",+IF(AND(H9="BP"),"BUG FREE",+IF(AND(H9="A"),"Pre Labeled","-"))))) -> BOX LABEL | H9: =iferror(vlookup(C9,Source!$A$10:$O$1488,11,0),"-") -> B | I9: =iferror(vlookup(C9,Source!$A$10:$O$1488,7,0),"-") -> COR-4 | J9: =IFERROR(_xlfn.FLOOR.MATH(VLOOKUP(C9, Conversion!$A$1:$G$1483,7,0)*D9*1.05,10),"-") -> 200 | K9: =if(G9="in house",D9*4,+if(G9="bottle label",D9*4,+if(or(G9="bottle"),G9*4,0))) -> 0 | L9: =if(G9="box label",D9,+IF(or(G9="in house"),D9,+if(or(G9="special"),D9,0))) -> 48 | M9: =iferror(vlookup(C9,Source!$A$10:$O$1488,14,0),"-") -> 71/44/07 | N9: =iferror(vlookup(C9,Source!$A$10:$O$1488,15,0),"-") | O9: =iferror(vlookup(C9,Source!$A$10:$O$1488,5,0),0) -> 1352.4 | P9: =if(O9>1,O9/7.67,"-") -> 176.32334 | Q9: =if(O9>0,D9/O9*7.67,0) -> 0.27222715 | U9: =SUM(0.5,Q9)+SUM(U8) -> 9.8111801 | V9: =IFERROR(VLOOKUP(E9,WIP!$A$1:$S$1478,6,0),"-") -> Specialty Clnr | W9: =IFERROR(VLOOKUP(E9,WIP!$A$1:$M$1478,12,0),"-") -> Brown | X9: =IFERROR(VLOOKUP(E9,WIP!$A$1:$M$1478,13,0),"-") -> No Fragrance | Y9: =E9 -> 163201 | Z9: =IFERROR(VLOOKUP(E9,WIP!$A$1:$K$1478,2,0),"-") -> POWER 92 | AA9: =IFERROR(VLOOKUP(C9,Pack!$A$5:$G$1997,3,FALSE),"-") | AB9: =IFERROR(VLOOKUP(E9,WIP!$A$1:$K$1478,11,0),"-") -> 103.01887 | AC9: =IFERROR(VLOOKUP(E9,WIP!$A$1:$K$1478,7,0),"-") -> - | AD9: =IF(U9<13,J9,0) -> 200 | AE9: =IFERROR(AD9/AB9,"-") -> 1.9413919 | AG9: =IF(U9>13,J9,0) -> 0 | AH9: =IFERROR(AG9/AB9,0) -> 0
